code_insee,nom,parti,nb_voix,percent_inscrits,percents_exprimes
56001,"M. Jean-François MARY",LDVG,1261,45.87,100.00
56002,"M. Bernard AUDRAN",LDVG,727,48.95,100.00
56003,"M. Dominique MOURIER",LDVG,1504,32.18,44.60
56003,"M. Antoine MERCIER",LDVD,1868,39.97,55.39
56004,"Mme Marie-Odile JARLIGANT",LDVD,469,41.61,100.00
56005,"M. Gérard LABOVE",LDVD,721,32.50,47.81
56005,"M. Roland TABART",LDIV,787,35.48,52.18
56006,"M. Michel RUAUD",LDVG,421,37.99,49.01
56006,"M. Guy DROUGARD",LDVG,438,39.53,50.98
56007,"M. Jean-Claude DUMOULIN",LUD,2879,32.76,52.49
56007,"M. Guy ROUSSEL",LDVG,2605,29.64,47.50
56008,"M. Pascal FILY",LDVG,1045,27.11,41.45
56008,"M. Michel BAINVEL",LDIV,1476,38.29,58.54
56009,"M. Sébastien CHANCLU",LPS,390,44.67,60.74
56009,"Mme Annaïck HUCHET",LPS,382,43.75,59.50
56009,"M. Yvon ALLAIN",LPS,378,43.29,58.87
56009,"M. Eric DELANOË",LPS,375,42.95,58.41
56009,"M. Stéphane SAMZUN",LPS,370,42.38,57.63
56009,"Mme Joëlle MATELOT MORAIS",LPS,369,42.26,57.47
56009,"Mme Christine BERTHO-MAHÉ",LPS,366,41.92,57.00
56009,"Mme Evelyne LOREAL",LPS,363,41.58,56.54
56009,"M. Gaël GIRARD",LPS,362,41.46,56.38
56009,"Mme Marie-Laure MATELOT",LPS,361,41.35,56.23
56009,"Mme Harriet THOMAS",LPS,354,40.54,55.14
56009,"M. Pascal MAILLET",LPS,354,40.54,55.14
56009,"Mme Pierre-Yves LE GAL",LPS,345,39.51,53.73
56009,"M. Franck THOMAS",LPS,336,38.48,52.33
56009,"Mme Geneviève GUICHENEY",LPS,328,37.57,51.09
56009,"M. Philippe VIARD",LPS,317,36.31,49.37
56009,"M. Alain LE MATELOT",LPS,309,35.39,48.13
56009,"Mme Nicole MORIN",LPS,283,32.41,44.08
56009,"Mme Marilène LUCAS",LPS,283,32.41,44.08
56009,"Mme Sophie LE GALL",LPS,280,32.07,43.61
56009,"M. Jacques FAODER",LPS,278,31.84,43.30
56009,"Mme Claire HAYS",LPS,277,31.72,43.14
56009,"M. Alain NALIS",LPS,269,30.81,41.90
56009,"M. Christian KRIER",LPS,266,30.46,41.43
56009,"M. Thierry LALEOUS",LPS,266,30.46,41.43
56009,"M. Philippe GODEFROY",LPS,262,30.01,40.80
56009,"Mme Annie GEORGES",LPS,237,27.14,36.91
56009,"Mme Sophie BAULU",LPS,236,27.03,36.76
56009,"M. Stéphane INISAN",LPS,233,26.68,36.29
56009,"M. Guillaume JUINO",LPS,232,26.57,36.13
56010,"M. Yannick LUCAS",LDVD,1205,26.93,38.53
56010,"M. Jean-Paul BERTHO",LSOC,1922,42.96,61.46
56011,"M. Bernard RYO",LDIV,509,45.32,100.00
56012,"M. Daniel SOUCHET",LDIV,353,35.19,43.58
56012,"M. Yves JOSSE",LDVD,457,45.56,56.41
56013,"M. Yannick DELVAL",LDIV,655,21.35,30.96
56013,"M. Bruno GOASMAT",LDVD,1460,47.60,69.03
56014,"M. Jean-Pierre RIEUX",LDVD,342,28.95,40.42
56014,"M. Jean-Pierre LE FUR",LDVD,504,42.67,59.57
56015,"M. François GRIJOL",LDIV,344,28.54,35.87
56015,"M. André FEGEANT",LDVD,615,51.03,64.12
56016,"M. Hugues GIRARD",LPS,332,54.60,74.10
56016,"Mme Elodie VEROVE",LPS,328,53.94,73.21
56016,"M. Mickaël LE TUMELIN",LPS,327,53.78,72.99
56016,"Mme Julia BEAUVY",LPS,323,53.12,72.09
56016,"Mme Wendy-Anne DAVIES",LPS,322,52.96,71.87
56016,"M. Yoni TREHIN",LPS,322,52.96,71.87
56016,"Mme Emilie LE FRENE",LPS,320,52.63,71.42
56016,"Mme Christelle PARMENTIER",LPS,315,51.80,70.31
56016,"M. Alain L'AIGLE",LPS,314,51.64,70.08
56016,"M. Christian LE NAOUR",LPS,313,51.48,69.86
56016,"M. Philippe FONSART",LPS,305,50.16,68.08
56016,"M. Joseph LE MANCHEC",LPS,283,46.54,63.16
56016,"M. Gérard CARRETTE",LPS,277,45.55,61.83
56016,"Mme Carole LE LOUER",LPS,262,43.09,58.48
56016,"M. Léon QUILLERE",LPS,256,42.10,57.14
56016,"M. Gildas GUILLAUMOT",LPS,158,25.98,35.26
56016,"Mme Marie-Christine BOUVIN",LPS,127,20.88,28.34
56016,"M. Thierry BOUVIN",LPS,126,20.72,28.12
56016,"M. Julien DUVETTE",LPS,123,20.23,27.45
56016,"M. Pierre-Alain CASTERA",LPS,121,19.90,27.00
56016,"M. Stéphane SONNIC",LPS,120,19.73,26.78
56016,"M. Keith TUCKWELL",LPS,113,18.58,25.22
56016,"M. Thierry LAVRILLOUX",LPS,112,18.42,25.00
56017,"M. Joel LAUDRIN",LDIV,429,20.32,28.77
56017,"M. Louis MORIO",LDIV,1062,50.30,71.22
56018,"Mme Bénédicte GUIHARD",LPS,276,40.05,53.69
56018,"M. Dominique PRUDHOMME",LPS,252,36.57,49.02
56018,"Mme Catherine CROCHET",LPS,246,35.70,47.85
56018,"Mme Patricia LORCY- DUTERTRE",LPS,219,31.78,42.60
56018,"M. Olivier CATREVAUX",LPS,16,2.32,3.11
56018,"M. Marc WACHTHAUSEN",LPS,4,0.58,0.77
56018,"M. Lionel NICOLAS",LPS,3,0.43,0.58
56018,"Mme Dominique VAUVERT",LPS,1,0.14,0.19
56018,"M. Daniel CAMPART",LPS,0,0.00,0.00
56018,"M. Daniel GILARDI",LPS,0,0.00,0.00
56018,"Mme Chantal NICOL",LPS,0,0.00,0.00
56018,"M. Eric KERDELHUE",LPS,0,0.00,0.00
56018,"Mme Maud OILLIC",LPS,0,0.00,0.00
56018,"M. Alain FOUREL",LPS,0,0.00,0.00
56018,"Mme Stéphanie LANOE",LPS,0,0.00,0.00
56018,"M. Jean-Pierre FRISCOURT",LPS,0,0.00,0.00
56018,"M. Philippe ROUGET",LPS,0,0.00,0.00
56019,"M. François BINOIST",LPS,220,70.73,88.35
56019,"M. Joël GABILLET",LPS,218,70.09,87.55
56019,"M. Yannick CARO",LPS,215,69.13,86.34
56019,"Mme Isabelle BREHELIN",LPS,213,68.48,85.54
56019,"M. Christophe GOULARD",LPS,212,68.16,85.14
56019,"M. Jean-Luc GRANDIN",LPS,207,66.55,83.13
56019,"M. Jean-Loïc JOUBIOUX",LPS,203,65.27,81.52
56019,"Mme Mireille GARAUD",LPS,191,61.41,76.70
56019,"M. Bruno BROUSSIER",LPS,163,52.41,65.46
56019,"M. Jean-Yves TASTARD",LPS,143,45.98,57.42
56019,"M. Jean-Pierre ROUSSEAU",LPS,125,40.19,50.20
56019,"M. Ronan KERLEAU",LPS,119,38.26,47.79
56019,"M. Christophe LE GLAUNEC",LPS,102,32.79,40.96
56019,"Mme Aurélie LE MOINE",LPS,101,32.47,40.56
56020,"M. Patrice EMEREAU",LPS,345,65.09,97.18
56020,"M. Fabien TIGEOT",LPS,342,64.52,96.33
56020,"Mme Christelle BATRIN",LPS,337,63.58,94.92
56020,"Mme Yvette PICARD",LPS,335,63.20,94.36
56020,"M. Bernard LE BRETON",LPS,334,63.01,94.08
56020,"Mme Claudine DREAN",LPS,328,61.88,92.39
56020,"Mme Anne-Laure DEME",LPS,328,61.88,92.39
56020,"Mme Cécile ISSERT",LPS,327,61.69,92.11
56020,"Mme Evelyne DENISET",LPS,327,61.69,92.11
56020,"M. Rémy LE LUEL",LPS,324,61.13,91.26
56020,"M. David BUSSON",LPS,311,58.67,87.60
56020,"M. Nicolas METAYER",LPS,309,58.30,87.04
56020,"M. André PIQUET",LPS,298,56.22,83.94
56020,"M. Yves COEFFEC",LPS,284,53.58,80.00
56020,"M. Bernard NOBLET",LPS,283,53.39,79.71
56021,"M. Jean-Michel JACQUES",LDIV,551,55.43,69.74
56021,"M. Guy SAINT-JALMES",LDVD,239,24.04,30.25
56022,"M. Jean-Marie FAY",LDVD,415,45.70,100.00
56023,"M. Jean-Pierre KERBART",LDVG,1453,29.19,42.78
56023,"M. Fabrice ROBELET",LDVD,1943,39.03,57.21
56024,"M. Louis ROPERT",LDIV,0,0.00,0.00
56024,"M. Hervé GUILLEMIN",LUMP,885,51.99,100.00
56025,"M. Bernard DUVAL",LPS,115,78.76,93.49
56025,"M. Jean GUILLOUX",LPS,107,73.28,86.99
56025,"Mme Maryvonne PIEDERRIERE",LPS,103,70.54,83.73
56025,"M. Martial LE BRETON",LPS,100,68.49,81.30
56025,"M. Daniel JEHANNET",LPS,89,60.95,72.35
56025,"M. Dominique HAGUET",LPS,87,59.58,70.73
56025,"M. Michel JEGO",LPS,86,58.90,69.91
56025,"Mme Armelle RIDARD",LPS,81,55.47,65.85
56025,"M. Olivier MAHO",LPS,81,55.47,65.85
56025,"Mme Françoise ROUILLARD",LPS,78,53.42,63.41
56025,"M. Albert DOYEN",LPS,62,42.46,50.40
56025,"M. Patrick ROLLAND",LPS,58,39.72,47.15
56025,"Mme Stéphanie METAYER",LPS,54,36.98,43.90
56025,"M. Frédéric JALLU",LPS,44,30.13,35.77
56026,"M. Roger THOMAZO",LDIV,877,45.04,100.00
56027,"Mme Isabelle LANTRIN",LPS,262,69.68,89.11
56027,"M. Pierre BOUEDO",LPS,239,63.56,81.29
56027,"M. Pierre-Loïc CALOHARD",LPS,226,60.10,76.87
56027,"M. Gilles CHAMAILLARD",LPS,224,59.57,76.19
56027,"M. Hervé LE GAL",LPS,224,59.57,76.19
56027,"Mme Hélène DREANO",LPS,222,59.04,75.51
56027,"Mme Virginie LE LABOURIER",LPS,210,55.85,71.42
56027,"M. Joseph LE GALLO",LPS,206,54.78,70.06
56027,"M. Jean-Pierre MOUNIER",LPS,205,54.52,69.72
56027,"Mme Valérie CHAMAILLARD",LPS,198,52.65,67.34
56027,"M. Pascal HAYS",LPS,188,50.00,63.94
56027,"M. Pascal LE BRETON",LPS,125,33.24,42.51
56027,"M. Jean-Jacques RATTIER",LPS,125,33.24,42.51
56027,"M. Denis SIMON-PHILIPPE",LPS,113,30.05,38.43
56028,"M. Bernard CHAUVIN",LDVD,611,49.27,100.00
56029,"M. Pascal LE DOUSSAL",LUDI,494,58.04,100.00
56030,"Mme Karine GUICHON",LPS,367,49.32,66.00
56030,"Mme Nathalie GIRARD",LPS,364,48.92,65.46
56030,"Mme Lucienne BURBAN",LPS,363,48.79,65.28
56030,"M. Bernard LE GUEN",LPS,361,48.52,64.92
56030,"M. Rémy BELLIOT",LPS,349,46.90,62.76
56030,"Mme Aurélie BROSSET",LPS,348,46.77,62.58
56030,"M. Jean-Hugues HALGAND",LPS,347,46.63,62.41
56030,"Mme Michèle DEPREUX",LPS,344,46.23,61.87
56030,"M. Lionel MORICE",LPS,339,45.56,60.97
56030,"M. René LEVEQUE",LPS,334,44.89,60.07
56030,"Mme Corinne BIGOT-SAFFRE",LPS,334,44.89,60.07
56030,"M. Christophe HECKING",LPS,305,40.99,54.85
56030,"M. Jean-Charles PERRAUD",LPS,299,40.18,53.77
56030,"Mme Claudie ADJANOHOUN",LPS,290,38.97,52.15
56030,"M. Maurice BERTHO",LPS,288,38.70,51.79
56030,"Mme Sylvie SUREAU",LPS,240,32.25,43.16
56030,"M. Guillaume DENIGOT",LPS,237,31.85,42.62
56030,"Mme Geneviève NOBLET",LPS,232,31.18,41.72
56030,"Mme Stéphanie FERIOT",LPS,228,30.64,41.00
56030,"M. Edmond VOLLAND",LPS,224,30.10,40.28
56030,"M. Roland RIPOCHE",LPS,220,29.56,39.56
56030,"M. Olivier GUILLOIS",LPS,214,28.76,38.48
56030,"M. Cédric JOSSO",LPS,206,27.68,37.05
56030,"Mme Elisabeth LEBEAUPIN",LPS,187,25.13,33.63
56030,"Mme Juanita CHANTECAILLE",LPS,186,25.00,33.45
56030,"Mme Marie-Claude PETIT",LPS,181,24.32,32.55
56030,"M. François-Guy LEBEAUPIN",LPS,181,24.32,32.55
56030,"M. Charles MERIGUET",LPS,181,24.32,32.55
56030,"M. Jean-Claude LEGAULT",LPS,178,23.92,32.01
56030,"Mme Annie MERIGUET",LPS,174,23.38,31.29
56031,"Mme Christelle JAFFRE-DANET",LDIV,730,32.07,45.31
56031,"M. Jean-Michel GUEDO",LSOC,881,38.70,54.68
56032,"M. Hervé GUILLON-VERNE",LDIV,490,33.72,49.09
56032,"M. Louis-Marie MARTIN",LDVD,508,34.96,50.90
56033,"M. Rolland HERVÉ",LDIV,589,27.67,40.87
56033,"M. Jean-Yves PIHERY",LDVG,131,6.15,9.09
56033,"Mme Catherine LAMOUR",LDVD,721,33.88,50.03
56034,"M. Olivier LEPICK",LDVD,1597,38.59,55.83
56034,"Mme Jeannine LE GOLVAN",LDVD,1263,30.52,44.16
56035,"M. Noël COLINEAUX",LUMP,363,39.67,100.00
56036,"M. Gérard FALQUERHO",LDVD,2791,49.86,79.13
56036,"Mme Pascale AUDOIN",LDVG,736,13.14,20.86
56037,"M. Pierre DANIEL",LDVD,369,35.75,47.55
56037,"M. Michel GUEGAN",LMDM,407,39.43,52.44
56038,"M. Gérard CORDUAN",LPS,337,60.83,96.56
56038,"Mme Stéphanie CHAPPUT",LPS,331,59.74,94.84
56038,"M. Nicolas PIROT",LPS,329,59.38,94.26
56038,"M. Jean-Paul SALOUX",LPS,326,58.84,93.40
56038,"Mme Françoise CHEVALIER",LPS,325,58.66,93.12
56038,"Mme Jeannine LE GAL",LPS,322,58.12,92.26
56038,"M. Frédéric TANGUY",LPS,322,58.12,92.26
56038,"M. Lionel SOULAINE",LPS,321,57.94,91.97
56038,"M. Pierrick LELIEVRE",LPS,320,57.76,91.69
56038,"M. Jean-Marc DUGUEN",LPS,319,57.58,91.40
56038,"M. Hervé ROBIO",LPS,315,56.85,90.25
56038,"M. Yves NICOLAS",LPS,313,56.49,89.68
56038,"M. Jacky GRANDVAL",LPS,311,56.13,89.11
56038,"Mme Fabienne PRIOU",LPS,308,55.59,88.25
56038,"Mme Martine FRIGUEL",LPS,302,54.51,86.53
56039,"M. Samuel GUILLEMET",LPS,377,56.43,93.31
56039,"M. Serge LE TUMELIN",LPS,354,52.99,87.62
56039,"Mme Anne SOREL",LPS,350,52.39,86.63
56039,"Mme Odile MARME",LPS,345,51.64,85.39
56039,"M. Ludovic GUILLEMETTE",LPS,344,51.49,85.14
56039,"M. Laurent MATEL",LPS,341,51.04,84.40
56039,"M. Patrice LE MEZO",LPS,339,50.74,83.91
56039,"M. Ywann LE DROGO",LPS,339,50.74,83.91
56039,"M. Nourredine KHADRI",LPS,333,49.85,82.42
56039,"Mme Hélène LE GARS",LPS,322,48.20,79.70
56039,"Mme Béatrice WILLIS",LPS,319,47.75,78.96
56039,"Mme Carole FINANCE",LPS,316,47.30,78.21
56039,"Mme Béatrice LANZ",LPS,310,46.40,76.73
56039,"M. Jacques GRAFF",LPS,289,43.26,71.53
56039,"M. Michel TREGOUET",LPS,279,41.76,69.05
56039,"M. Stéphane HURPEAU",LPS,215,32.18,53.21
56039,"M. Bernard DUMONT",LPS,184,27.54,45.54
56039,"M. Anthony GUILLERMIC",LPS,164,24.55,40.59
56040,"M. Alain NICOLAZO",LDVD,1126,42.49,64.30
56040,"M. Anthony QUERO",LDVG,625,23.58,35.69
56041,"M. Pierre LE DENMAT",LDVD,737,32.52,39.62
56041,"M. Marc ROPERS",LDVG,1123,49.55,60.37
56042,"M. Jean-François STEPHAN",LDVD,475,29.30,38.93
56042,"M. Freddy JAHIER",LDIV,745,45.95,61.06
56043,"M. Jean-Pierre LE BOURHIS",LPS,188,33.09,51.08
56043,"M. Eric LE VAILLANT",LPS,178,31.33,48.36
56043,"Mme Evelyne LATOUCHE",LPS,2,0.35,0.54
56043,"Mme Marie ARNAUD",LPS,0,0.00,0.00
56043,"M. Stéphane CHOTARD",LPS,0,0.00,0.00
56043,"M. Olivier GUILLON",LPS,0,0.00,0.00
56043,"M. Pierre-Yves THOMAS",LPS,0,0.00,0.00
56043,"M. André BESNARD",LPS,0,0.00,0.00
56043,"Mme Fleur CHOUPEAUX",LPS,0,0.00,0.00
56043,"Mme Mélissa BOURIEN",LPS,0,0.00,0.00
56043,"Mme Nathalie DUFEY LATOUCHE",LPS,0,0.00,0.00
56043,"M. Yannick BOURIEN",LPS,0,0.00,0.00
56043,"M. Serge FAGLIN",LPS,0,0.00,0.00
56043,"Mme Chantal CHEVILLON",LPS,0,0.00,0.00
56043,"Mme Monique GERVAISE",LPS,0,0.00,0.00
56043,"Mme Odile PICARD",LPS,0,0.00,0.00
56044,"M. Serge CHESNAIS",LPS,414,67.53,96.50
56044,"Mme Marie-Thérèse TROUFFLARD",LPS,409,66.72,95.33
56044,"Mme Marie-Claire BERNARD",LPS,404,65.90,94.17
56044,"M. Philippe OLLIVIER",LPS,404,65.90,94.17
56044,"Mme Sophie CHEVAL",LPS,403,65.74,93.93
56044,"M. Fabrice JUHEL",LPS,400,65.25,93.24
56044,"Mme Jocelyne GUILLE",LPS,400,65.25,93.24
56044,"M. Jean-Pierre ROBERT",LPS,400,65.25,93.24
56044,"Mme Martine BOULARD",LPS,394,64.27,91.84
56044,"M. Jean-Yves GEFFROY",LPS,391,63.78,91.14
56044,"M. Jean-Luc DELVOYE",LPS,389,63.45,90.67
56044,"M. Joël CHEVALIER",LPS,386,62.96,89.97
56044,"M. Pascal JEHANNIN",LPS,380,61.99,88.57
56044,"Mme Martine CHESNAIS",LPS,375,61.17,87.41
56044,"Mme Emmanuelle GUEMENE",LPS,367,59.86,85.54
56045,"M. Daniel LUHERNE",LPS,282,63.80,76.83
56045,"M. Raymond HOUEIX",LPS,282,63.80,76.83
56045,"M. Joel TRIBALLIER",LPS,270,61.08,73.56
56045,"Mme Laetitia LE FEUVRE",LPS,266,60.18,72.47
56045,"Mme Cécile HALLIER",LPS,259,58.59,70.57
56045,"Mme Stephanie TRIBALLIER",LPS,256,57.91,69.75
56045,"Mme Johanna MOREL",LPS,253,57.23,68.93
56045,"M. Jean-Pierre CORFMAT",LPS,252,57.01,68.66
56045,"M. Hubert RETO",LPS,249,56.33,67.84
56045,"Mme Veronique ALIO-LE DOUARIN",LPS,246,55.65,67.02
56045,"M. Anthony LE COURTOIS",LPS,246,55.65,67.02
56045,"Mme Chantal LABEUR",LPS,238,53.84,64.85
56045,"M. Hervé BROHAN",LPS,207,46.83,56.40
56045,"M. Olivier LE BRUN",LPS,201,45.47,54.76
56045,"M. Jacky FERRAND",LPS,190,42.98,51.77
56045,"Mme Noëmie LE NOCHER-BONNO",LPS,127,28.73,34.60
56045,"M. Alexandre BOLAN",LPS,123,27.82,33.51
56045,"M. Michel STENKO",LPS,120,27.14,32.69
56045,"Mme Emmanuelle POISSEMEUX",LPS,116,26.24,31.60
56045,"Mme Lenaïg BURBAN-GUICHON",LPS,99,22.39,26.97
56045,"Mme Nathalie ROIC",LPS,95,21.49,25.88
56045,"Mme Annick LE LUEL-JOLIVET",LPS,93,21.04,25.34
56045,"Mme Valerie BOURHIS",LPS,82,18.55,22.34
56045,"M. Philippe BOURHIS",LPS,78,17.64,21.25
56046,"Mme Annie LE METOUR-AUDIC",LDVD,1275,45.94,100.00
56047,"M. Pierre LE TESTE",LDVD,482,45.47,100.00
56048,"M. Laurent LE BRIS",LPS,242,41.15,51.82
56048,"M. Cédric BINET",LPS,234,39.79,50.10
56048,"M. Gaël GUÉGUEN",LPS,234,39.79,50.10
56048,"Mme Martine RETAILLEAU",LPS,232,39.45,49.67
56048,"M. Martial LE MENTEC",LPS,232,39.45,49.67
56048,"Mme Béatrice JAN",LPS,228,38.77,48.82
56048,"M. Benoni LE GUYADER",LPS,227,38.60,48.60
56048,"M. Eric LE BELLOUR",LPS,227,38.60,48.60
56048,"M. Roger LE LOUARN",LPS,227,38.60,48.60
56048,"Mme Sylvie BOUCHILLOUX",LPS,225,38.26,48.17
56048,"Mme Isabelle EDWARDS",LPS,0,0.00,0.00
56048,"M. Olivier NENY",LPS,0,0.00,0.00
56048,"Mme Florence LE BUNZE",LPS,0,0.00,0.00
56048,"M. Francis PORTANGUEN",LPS,0,0.00,0.00
56048,"M. Patrice BROUSSOT",LPS,0,0.00,0.00
56048,"Mme Pauline QUEMENER",LPS,0,0.00,0.00
56048,"Mme Marie-Pierre CHOPARD",LPS,0,0.00,0.00
56048,"Mme Sarah LAFARGUE",LPS,0,0.00,0.00
56048,"Mme Anne-Marie DENIEL",LPS,0,0.00,0.00
56048,"M. Jean TROUBOUL",LPS,0,0.00,0.00
56049,"M. Michel ALLANIC",LPS,87,66.92,87.00
56049,"M. Hervé GUILLEMOT",LPS,86,66.15,86.00
56049,"Mme Nathalie ALLANIC",LPS,84,64.61,84.00
56049,"Mme Valérie BERA",LPS,84,64.61,84.00
56049,"M. Guy LE CORNEC",LPS,81,62.30,81.00
56049,"M. Aymeric BRASSEUR",LPS,76,58.46,76.00
56049,"M. Michel-Ange CLARI",LPS,75,57.69,75.00
56049,"Mme Béatrice CURTIS",LPS,75,57.69,75.00
56049,"M. Philippe ODY",LPS,74,56.92,74.00
56049,"M. Joël JUIN",LPS,74,56.92,74.00
56049,"Mme Sylviane LE PONNER",LPS,71,54.61,71.00
56049,"Mme Chantal BERA",LPS,44,33.84,44.00
56050,"M. Thierry CHAMAILLARD",LPS,322,50.78,68.22
56050,"M. Joël GUÉGAN",LPS,321,50.63,68.00
56050,"Mme Anne-Marie BURBAN",LPS,320,50.47,67.79
56050,"M. Olivier GOUÉDO",LPS,318,50.15,67.37
56050,"M. Alain LE BLANC",LPS,305,48.10,64.61
56050,"M. Jean-Noël ALLIO",LPS,303,47.79,64.19
56050,"Mme Marie-Thérèse TANGUY",LPS,290,45.74,61.44
56050,"Mme Laëtitia BLANCHE",LPS,288,45.42,61.01
56050,"Mme Sophie GAPAIS",LPS,287,45.26,60.80
56050,"M. Ludovic RENAUD",LPS,286,45.11,60.59
56050,"M. Serge MEHAT",LPS,284,44.79,60.16
56050,"M. Michel EVEN",LPS,272,42.90,57.62
56050,"Mme Maryvonne MAHE",LPS,267,42.11,56.56
56050,"Mme Myriam DAHIREL",LPS,261,41.16,55.29
56050,"Mme Lydie RICHARD",LPS,241,38.01,51.05
56050,"M. Pierre-Yann BRIQUE",LPS,214,33.75,45.33
56050,"Mme Servane MAILLARD",LPS,196,30.91,41.52
56050,"Mme Isabelle LE BRETON",LPS,194,30.59,41.10
56050,"M. Jean-Yves JOSSE",LPS,194,30.59,41.10
56050,"M. Christian LE GUEVEL",LPS,192,30.28,40.67
56050,"M. Anthony DINEL",LPS,164,25.86,34.74
56050,"M. Olivier GUILLAUME",LPS,163,25.70,34.53
56050,"Mme Géraldine NOEL",LPS,162,25.55,34.32
56050,"Mme Marie-Claude CHEREL-ALLAIN",LPS,158,24.92,33.47
56050,"Mme Violaine RONDET",LPS,151,23.81,31.99
56050,"M. Alain BREJON",LPS,144,22.71,30.50
56051,"M. Yannick DUBOT",LPS,310,64.04,79.69
56051,"M. Daniel BESNARD",LPS,301,62.19,77.37
56051,"M. Alain BONNO",LPS,298,61.57,76.60
56051,"M. David BOULVAIS",LPS,297,61.36,76.34
56051,"M. Michel LE SOURD",LPS,293,60.53,75.32
56051,"Mme Françoise DIABAT",LPS,290,59.91,74.55
56051,"M. Henri RIBOUCHON",LPS,290,59.91,74.55
56051,"Mme Brigitte ETIENNE",LPS,286,59.09,73.52
56051,"M. Guénolé GUILLAUME",LPS,283,58.47,72.75
56051,"Mme Martine BOULVAIS",LPS,281,58.05,72.23
56051,"M. Gilles TATTEVIN",LPS,271,55.99,69.66
56051,"Mme Sandra JUIN",LPS,271,55.99,69.66
56051,"M. Freddy FLOQUET",LPS,257,53.09,66.06
56051,"Mme Marlène LE BRETON",LPS,247,51.03,63.49
56051,"M. Fabrice CARO",LPS,247,51.03,63.49
56051,"M. Hubert GICQUEL",LPS,205,42.35,52.69
56052,"M. Alain DANIEL",LDVD,657,35.78,46.30
56052,"M. Jean-Marie LABESSE",LDIV,762,41.50,53.69
56053,"M. Marc DALBERTO",LDVG,759,19.17,27.58
56053,"M. Didier Simon TEXIER",LDIV,334,8.43,12.14
56053,"M. Gérard GICQUEL",LDIV,1658,41.87,60.26
56054,"M. Dominique RIGUIDEL",LDVD,1310,42.50,65.10
56054,"M. Alain BONNEC",LDVG,702,22.77,34.89
56055,"M. Guy HERCEND",LDIV,658,35.22,50.11
56055,"M. Daniel BOZEC",LDIV,655,35.06,49.88
56056,"M. Nicolas POUSSIN",LPS,110,77.46,90.90
56056,"M. Jean-Claude GUILLEMOT",LPS,105,73.94,86.77
56056,"M. Serge FAUCHOUX",LPS,104,73.23,85.95
56056,"M. Lucien BRET",LPS,101,71.12,83.47
56056,"M. Olivier FLAGEUL",LPS,97,68.30,80.16
56056,"M. Jean-Claude CORVAISIER",LPS,96,67.60,79.33
56056,"M. Jean-Claude PINCON",LPS,91,64.08,75.20
56056,"Mme Julie MACE",LPS,89,62.67,73.55
56056,"Mme Christine EON",LPS,88,61.97,72.72
56056,"Mme Sophie MARIE",LPS,75,52.81,61.98
56056,"Mme Laurence CESMAT",LPS,66,46.47,54.54
56056,"M. Philip LOOS",LPS,63,44.36,52.06
56056,"M. Claude DESENNE",LPS,15,10.56,12.39
56057,"M. André LE CORRE",LDVD,858,38.42,52.34
56057,"M. Yannick LE GOFF",LDIV,136,6.09,8.29
56057,"M. Pierre POULIQUEN",LDVG,645,28.88,39.35
56058,"M. Jean-Jacques COLIN",LDIV,648,27.10,41.91
56058,"Mme Françoise FONMARTY",LDIV,898,37.55,58.08
56059,"Mme Anne TAUFFLIEB-THIERCELIN",LPS,144,38.91,50.34
56059,"M. Yannick JOLIVET",LPS,142,38.37,49.65
56059,"M. Christian BOUDEAU",LPS,0,0.00,0.00
56059,"M. Patrick LAVILLE",LPS,0,0.00,0.00
56059,"Mme Martine CHAMPAGNE",LPS,0,0.00,0.00
56059,"M. Philippe LE LAY",LPS,0,0.00,0.00
56059,"M. Jean-Yves CORBARD",LPS,0,0.00,0.00
56059,"Mme Pricillia MEISTRE",LPS,0,0.00,0.00
56059,"M. Cyril GUEHENNEUX",LPS,0,0.00,0.00
56059,"Mme Roselyne PERRICHOT",LPS,0,0.00,0.00
56060,"M. Yannick VILLET",LPS,454,60.77,76.43
56060,"M. Yannick CHESNAIS",LPS,451,60.37,75.92
56060,"M. Patrice CANCOUET",LPS,450,60.24,75.75
56060,"M. Christophe Joseph DANILO",LPS,445,59.57,74.91
56060,"M. Marc THOMAS",LPS,440,58.90,74.07
56060,"M. Alain GREFFION",LPS,423,56.62,71.21
56060,"M. Christophe André DANILO",LPS,414,55.42,69.69
56060,"Mme Christelle HEDAN-ROYER",LPS,403,53.94,67.84
56060,"M. Gaëtan JAMET",LPS,362,48.46,60.94
56060,"Mme Céline BESNARD-JAGUT",LPS,358,47.92,60.26
56060,"Mme Myriam MORIN-MARTIN",LPS,348,46.58,58.58
56060,"M. Damien BUHET",LPS,347,46.45,58.41
56060,"Mme Aude THETIOT-SEVESTRE",LPS,340,45.51,57.23
56060,"M. Ludovic ROLLO",LPS,321,42.97,54.04
56060,"M. Alain BAJOLAIS",LPS,316,42.30,53.19
56060,"M. Christian LUBERT",LPS,298,39.89,50.16
56060,"M. Christophe SEVESTRE",LPS,280,37.48,47.13
56060,"Mme Isabelle OLLIVIER",LPS,278,37.21,46.80
56060,"M. Pierre AUDRAN",LPS,270,36.14,45.45
56060,"M. Gérard BELSOEUR",LPS,221,29.58,37.20
56060,"Mme Sophie FILATRE",LPS,196,26.23,32.99
56060,"M. Gérard HERCOUET",LPS,177,23.69,29.79
56060,"M. Dominique DEGOUGE",LPS,173,23.15,29.12
56060,"Mme Nicole RABESANDRATANA",LPS,168,22.48,28.28
56060,"M. David JAMIN",LPS,161,21.55,27.10
56060,"M. Fabrice RACAPE",LPS,98,13.11,16.49
56061,"M. Jacques ROCHER",LDIV,684,39.88,100.00
56062,"M. Yannick LE FLOCH",LPS,400,65.89,95.01
56062,"M. Bernard NOCODIE",LPS,398,65.56,94.53
56062,"M. Pierre-Gilles LE MASSON",LPS,398,65.56,94.53
56062,"M. Jean-Yves DRONIOU",LPS,393,64.74,93.34
56062,"M. Patrick JACQUES",LPS,391,64.41,92.87
56062,"M. Dominique LE VOUËDEC",LPS,391,64.41,92.87
56062,"Mme Monique LE MARTELOT",LPS,390,64.25,92.63
56062,"Mme Linda DUTENHAVER",LPS,387,63.75,91.92
56062,"Mme Katia GUILLEMOTO",LPS,384,63.26,91.21
56062,"M. Christian CARTON",LPS,380,62.60,90.26
56062,"M. Christian RAILLON",LPS,371,61.12,88.12
56062,"Mme Nicole UZEL-MINTEC",LPS,365,60.13,86.69
56062,"Mme Myriam JARNO",LPS,361,59.47,85.74
56062,"M. Patrick DUIC",LPS,361,59.47,85.74
56062,"Mme Armelle ROUMOIS-PENSEC",LPS,361,59.47,85.74
56063,"M. Michel DAGORNE",LDVG,1030,47.97,100.00
56064,"M. Pierrick HERCELIN",LPS,457,67.20,87.04
56064,"Mme Nadine MARQUET",LPS,451,66.32,85.90
56064,"M. Joaquim DA SILVA JESUS",LPS,432,63.52,82.28
56064,"M. Jean-Marc GUILLEMOT",LPS,425,62.50,80.95
56064,"M. Gilles GUERIN",LPS,422,62.05,80.38
56064,"M. Philippe LAINE",LPS,413,60.73,78.66
56064,"M. Guy NAEL",LPS,411,60.44,78.28
56064,"Mme Marie FLAGEUL",LPS,410,60.29,78.09
56064,"M. Jean-Yves DREAN",LPS,400,58.82,76.19
56064,"Mme Marie-Noëlle MARTIN",LPS,389,57.20,74.09
56064,"Mme Karine BOUDARD",LPS,385,56.61,73.33
56064,"M. Jean-Yves PELLOIS",LPS,374,55.00,71.23
56064,"Mme Delphine BOULANGER",LPS,373,54.85,71.04
56064,"M. Jérémie KERGAL",LPS,356,52.35,67.80
56064,"M. Fabrice GENOUEL",LPS,332,48.82,63.23
56064,"M. Pascal BIDAN",LPS,192,28.23,36.57
56065,"Mme Dominique DELOURME",LPS,243,50.10,71.26
56065,"Mme Aline VALLET",LPS,242,49.89,70.96
56065,"M. Michaël DELBART",LPS,237,48.86,69.50
56065,"Mme Sandrine ABHERVE-GUEGUEN",LPS,236,48.65,69.20
56065,"M. Arthur EYMERY",LPS,229,47.21,67.15
56065,"M. Jean-Paul LE GARREC",LPS,224,46.18,65.68
56065,"Mme Valérie PITOIS",LPS,221,45.56,64.80
56065,"M. Patrick CHOBERT",LPS,209,43.09,61.29
56065,"M. Jérôme SERAZIN",LPS,207,42.68,60.70
56065,"M. Pascal MAURY",LPS,204,42.06,59.82
56065,"Mme Hélène POUSSIBET",LPS,204,42.06,59.82
56065,"M. Arnaud THERY",LPS,198,40.82,58.06
56065,"M. Pascal FOUCHER",LPS,197,40.61,57.77
56065,"M. Noam LOZE",LPS,196,40.41,57.47
56065,"Mme Sylvie BENBRAHIM",LPS,187,38.55,54.83
56065,"M. Kelig KERLEAU",LPS,187,38.55,54.83
56065,"M. Franck BRIAND",LPS,180,37.11,52.78
56065,"M. Laurent ELOY",LPS,172,35.46,50.43
56065,"M. Denis PETITOT",LPS,171,35.25,50.14
56065,"M. Saïd GRALINOT",LPS,153,31.54,44.86
56065,"M. Jean-Yves BIDANGE",LPS,152,31.34,44.57
56065,"Mme Meyriem BEN SALAH",LPS,134,27.62,39.29
56066,"M. Gilles BOLZER",LDVG,1117,33.24,44.73
56066,"M. David LE SOLLIEC",LUMP,1380,41.07,55.26
56067,"M. Yves BLEUNVEN",LUMP,1590,39.75,56.08
56067,"M. Gilles-Marie PELLETAN",LMDM,1245,31.13,43.91
56068,"M. Yannick MENEZO",LPS,113,43.79,51.83
56068,"M. Serge DURAND",LPS,111,43.02,50.91
56068,"M. Christian LEYS",LPS,109,42.24,50.00
56068,"M. Claude LAFFARGUE",LPS,108,41.86,49.54
56068,"M. Thierry CHOCHOIS",LPS,104,40.31,47.70
56068,"M. Eric URVOYS",LPS,103,39.92,47.24
56068,"M. François COUQUE",LPS,0,0.00,0.00
56068,"M. Christopher-Peter HEAD",LPS,0,0.00,0.00
56068,"Mme Monique RONDEAU",LPS,0,0.00,0.00
56068,"M. Eugène DAHIREL",LPS,0,0.00,0.00
56068,"M. Bernard BOULLÉ",LPS,0,0.00,0.00
56068,"M. Xavier GOUEDO",LPS,0,0.00,0.00
56068,"M. Bertrand MALARD",LPS,0,0.00,0.00
56068,"M. David GUENANTIN",LPS,0,0.00,0.00
56069,"M. Claude GUIADER",LDVG,753,33.78,42.18
56069,"M. Dominique YVON",LDVD,1032,46.29,57.81
56070,"M. Loïc POIRIER",LDVD,571,32.77,49.39
56070,"M. Jean-Marc DUBOT",LDIV,585,33.58,50.60
56071,"M. Louis HATTENVILLE",LPS,268,43.29,52.34
56071,"M. Gérald CHAUMIER",LPS,258,41.68,50.39
56071,"Mme Nolwenn NICOLLE-PERON",LPS,253,40.87,49.41
56071,"M. Joseph BROGARD",LPS,252,40.71,49.21
56071,"Mme Emmanuelle EVEN",LPS,250,40.38,48.82
56071,"Mme Camille MAHIEUX",LPS,243,39.25,47.46
56071,"Mme Florence DUVIVIER",LPS,1,0.16,0.19
56071,"Mme Léone BOUSSICAUD",LPS,0,0.00,0.00
56071,"M. Guy JARNO",LPS,0,0.00,0.00
56071,"M. Yannick GUEGAN",LPS,0,0.00,0.00
56071,"M. Roland SENAN",LPS,0,0.00,0.00
56071,"Mme Delphine GUILLOUZO",LPS,0,0.00,0.00
56071,"M. Frédérik MARY",LPS,0,0.00,0.00
56071,"Mme Laurence VEILLET-LOLA",LPS,0,0.00,0.00
56071,"Mme Angélique MAUGUIN",LPS,0,0.00,0.00
56071,"Mme Marie-Hélène ETOC",LPS,0,0.00,0.00
56071,"Mme Gisèle JARNO",LPS,0,0.00,0.00
56071,"Mme Anne-Marie MICHIARA",LPS,0,0.00,0.00
56072,"M. Jean-Philippe GUILLERMIC",LPS,215,56.43,75.43
56072,"M. Jean-Yves QUENTEL",LPS,214,56.16,75.08
56072,"M. Yvan LE PIOUFFLE",LPS,213,55.90,74.73
56072,"M. Michel LE COQ",LPS,210,55.11,73.68
56072,"M. Jérôme ROBINO",LPS,209,54.85,73.33
56072,"Mme Marie LE BRIS",LPS,208,54.59,72.98
56072,"Mme Angélique TURPIN",LPS,204,53.54,71.57
56072,"M. Hervé JEHANNO",LPS,201,52.75,70.52
56072,"M. Louis GUILLOT",LPS,197,51.70,69.12
56072,"M. Stéphane HENO",LPS,187,49.08,65.61
56072,"M. Jean-Pierre RINGEVAL",LPS,186,48.81,65.26
56072,"Mme Jeanne BRIENT",LPS,181,47.50,63.50
56072,"Mme Josette HENWOOD",LPS,175,45.93,61.40
56072,"M. Stephen MADDISON",LPS,172,45.14,60.35
56072,"M. Jean-Claude LE MOING",LPS,169,44.35,59.29
56072,"M. Jean-François BEUREL",LPS,138,36.22,48.42
56072,"M. Didier JAOUEN",LPS,135,35.43,47.36
56073,"M. Christian PERRON",LCOM,254,32.85,42.97
56073,"M. René LE MOULLEC",LDVG,337,43.59,57.02
56074,"M. Noël LE LOIR",LUMP,641,56.97,100.00
56075,"M. Claudio JELCIC",LSOC,1129,26.59,42.50
56075,"M. Jean-Luc BLEHER",LUDI,1527,35.97,57.49
56076,"M. Joseph LE BOUEDEC",LDVG,428,40.83,100.00
56077,"M. Jean-Michel BERNIER",LPS,358,51.73,64.50
56077,"Mme Odile ORJUBIN",LPS,346,50.00,62.34
56077,"M. Gérard GUILLOTIN",LPS,345,49.85,62.16
56077,"M. Pascal JEHANNO",LPS,342,49.42,61.62
56077,"M. Nicolas VAUGRENARD",LPS,340,49.13,61.26
56077,"Mme Lucie ROLLAND",LPS,335,48.41,60.36
56077,"M. Jérémy LE PAGE",LPS,327,47.25,58.91
56077,"M. Denis HILLAIREAU",LPS,320,46.24,57.65
56077,"Mme Marie-Pierre MARTIN",LPS,317,45.80,57.11
56077,"M. Jean-Paul LUCAS",LPS,309,44.65,55.67
56077,"M. Bruno DRÉAN",LPS,307,44.36,55.31
56077,"Mme Dominique DUHAMEL",LPS,302,43.64,54.41
56077,"Mme Céline LE VIAVANT",LPS,300,43.35,54.05
56077,"Mme Nadia CHRISTMANN",LPS,293,42.34,52.79
56077,"M. Erwan MELLEC",LPS,288,41.61,51.89
56077,"Mme Aline SERAZIN",LPS,255,36.84,45.94
56077,"Mme Valérie DANION",LPS,253,36.56,45.58
56077,"M. Pascal VAUGRENARD",LPS,252,36.41,45.40
56077,"M. Gilbert RYO",LPS,247,35.69,44.50
56077,"M. Jean-Marc LESLE",LPS,236,34.10,42.52
56077,"M. François BATARD",LPS,234,33.81,42.16
56077,"Mme Martine LAVOYE",LPS,226,32.65,40.72
56077,"M. Jean-Michel ROUSSE",LPS,223,32.22,40.18
56077,"M. Jean-François CORBEAU",LPS,221,31.93,39.81
56077,"M. Laurent AUNEAU",LPS,206,29.76,37.11
56077,"M. Martial MACE RAMETE",LPS,201,29.04,36.21
56077,"M. Marc POPLIMONT",LPS,189,27.31,34.05
56077,"M. Jean-Claude LE GARGASSON",LPS,187,27.02,33.69
56077,"M. Christophe LE MASLE",LPS,187,27.02,33.69
56077,"Mme Ida SPECULATORE",LPS,169,24.42,30.45
56078,"M. Robert HENAULT",LSOC,1907,21.35,33.57
56078,"M. Valere CHARLERY",LDVD,770,8.62,13.55
56078,"M. François AUBERTIN",LUMP,3003,33.63,52.86
56079,"M. Stéphane ROUAULT",LDVD,455,44.47,100.00
56080,"Mme Michèle URIEN",LDVD,371,40.85,100.00
56081,"Mme Renée BUQUEN-COURTEL",LDVG,975,47.70,100.00
56082,"M. Christophe MARTIN",LPS,169,66.79,87.11
56082,"M. Jean-Jacques MALEY",LPS,158,62.45,81.44
56082,"Mme Isabelle LE BOUQUIN",LPS,156,61.66,80.41
56082,"M. Pierre DERVAL",LPS,151,59.68,77.83
56082,"Mme Maryvonne GUILLEMAUD",LPS,148,58.49,76.28
56082,"Mme Alice BAS",LPS,144,56.91,74.22
56082,"M. Philippe RUELLAN",LPS,134,52.96,69.07
56082,"M. Jerôme MERIAN",LPS,133,52.56,68.55
56082,"M. Gérard LE ROCH",LPS,133,52.56,68.55
56082,"Mme Magalie ROUXEL",LPS,122,48.22,62.88
56082,"Mme Yvonne THOMAS",LPS,122,48.22,62.88
56082,"M. Vincent TANCRAY",LPS,117,46.24,60.30
56082,"Mme Sylvie LE DOUARIN",LPS,98,38.73,50.51
56082,"M. Gérard BLANCHE",LPS,5,1.97,2.57
56082,"M. Georges HUBERT",LPS,5,1.97,2.57
56083,"M. Serge GERBAUD",LUG,1934,16.85,26.56
56083,"M. André HARTEREAU",LDVG,3471,30.25,47.67
56083,"M. Xavier POUREAU",LDVD,1876,16.35,25.76
56084,"M. Christophe LE GAL",LPS,156,24.72,55.31
56084,"M. Gwenaël LEGRAND",LPS,126,19.96,44.68
56084,"Mme Guénoline AVELINE",LPS,0,0.00,0.00
56084,"M. Nicolas DEGOUEY",LPS,0,0.00,0.00
56084,"M. Jean-Charles HEMON",LPS,0,0.00,0.00
56084,"Mme Sonia LOUSTAU-OUESLATI",LPS,0,0.00,0.00
56084,"Mme Marie BESSETTE",LPS,0,0.00,0.00
56084,"M. Patrick GLOAGUEN",LPS,0,0.00,0.00
56084,"M. Loïc RICHARD",LPS,0,0.00,0.00
56084,"Mme Patricia CALVAR",LPS,0,0.00,0.00
56084,"Mme Cécilia GLORO",LPS,0,0.00,0.00
56084,"M. Nicolas CAUDAL",LPS,0,0.00,0.00
56084,"M. Michel GOUPIL",LPS,0,0.00,0.00
56084,"M. Nicolas LEVASSEUR",LPS,0,0.00,0.00
56084,"M. Christophe DANIELO",LPS,0,0.00,0.00
56084,"M. Romain GUILBAUD",LPS,0,0.00,0.00
56084,"Mme Catherine LOPPION-DUCOS",LPS,0,0.00,0.00
56085,"M. Philippe LE PALMEC",LPS,75,50.67,60.48
56085,"Mme Emilie MOISDON",LPS,67,45.27,54.03
56085,"Mme Macha BLANCHET",LPS,64,43.24,51.61
56085,"M. Pierre SAMMARTANO",LPS,63,42.56,50.80
56085,"M. Jean-Marie DEPELCHIN",LPS,60,40.54,48.38
56085,"Mme Danièle FAVRE",LPS,58,39.18,46.77
56085,"M. André BLANCHET",LPS,57,38.51,45.96
56085,"Mme Jeanne-Louise ALLANIC",LPS,54,36.48,43.54
56085,"M. Jean-Yves LAZZARI",LPS,54,36.48,43.54
56085,"M. Olivier BLANCHET",LPS,51,34.45,41.12
56085,"Mme Séverine SICARD",LPS,49,33.10,39.51
56085,"Mme Marguerite LE BERRE",LPS,47,31.75,37.90
56085,"M. Hervé LE SCOARNEC",LPS,36,24.32,29.03
56086,"Mme Angèle LE FUR",LPS,140,40.81,49.29
56086,"Mme Véronique DENIS",LPS,138,40.23,48.59
56086,"M. Patrick SOUNY",LPS,137,39.94,48.23
56086,"Mme Elsa BRUGALE",LPS,135,39.35,47.53
56086,"M. Philippe LE FUR",LPS,133,38.77,46.83
56086,"Mme Caroline LE GURUN",LPS,133,38.77,46.83
56086,"M. Maxime LE FUR",LPS,129,37.60,45.42
56086,"M. Luc LE GURUN",LPS,129,37.60,45.42
56086,"M. André LE GURUN",LPS,125,36.44,44.01
56086,"M. Joseph LE GURUN",LPS,124,36.15,43.66
56086,"M. Patrick LE GURUN",LPS,120,34.98,42.25
56086,"M. Marcel LE GURUN",LPS,115,33.52,40.49
56086,"Mme May RIGOINE DE FOUGEROLLES",LPS,44,12.82,15.49
56086,"M. Bernard FAVOT",LPS,7,2.04,2.46
56086,"Mme Irène LE GURUN",LPS,0,0.00,0.00
56086,"M. Jonathan SCOUARNEC",LPS,0,0.00,0.00
56086,"M. Patrice JACOPIN",LPS,0,0.00,0.00
56086,"Mme Irène JAN",LPS,0,0.00,0.00
56086,"Mme Patricia LE GURUN",LPS,0,0.00,0.00
56087,"M. Régis TALHOUARNE",LPS,427,63.16,81.02
56087,"M. Joël BOUF",LPS,426,63.01,80.83
56087,"M. Philippe LE BERIGOT",LPS,396,58.57,75.14
56087,"Mme Marie-Paule BELLEGO",LPS,390,57.69,74.00
56087,"M. Gildas POULOUIN",LPS,381,56.36,72.29
56087,"Mme Danielle FENEUX",LPS,371,54.88,70.39
56087,"Mme Michèle LE TEXIER",LPS,360,53.25,68.31
56087,"M. Ronan MERINI",LPS,357,52.81,67.74
56087,"Mme Laure PEDEZERT-RENAUX",LPS,355,52.51,67.36
56087,"Mme Catherine LE ROUX",LPS,341,50.44,64.70
56087,"Mme Christine DUFOURMANTELLE",LPS,323,47.78,61.29
56087,"Mme Martine MARION",LPS,311,46.00,59.01
56087,"M. Christophe TATTEVIN",LPS,302,44.67,57.30
56087,"M. Hubert O'NEILL",LPS,297,43.93,56.35
56087,"M. Patrick DUBOIS",LPS,294,43.49,55.78
56087,"M. Philippe MORVANT",LPS,288,42.60,54.64
56087,"M. Hervé CREQUER",LPS,266,39.34,50.47
56087,"M. Pascal MOUCHOT",LPS,239,35.35,45.35
56087,"M. Benoit BOUTRY",LPS,231,34.17,43.83
56087,"M. Guénaël RIGUIDEL",LPS,172,25.44,32.63
56087,"M. Hugues COLLANTIER",LPS,70,10.35,13.28
56088,"Mme Marie-Hélène STEPHANY",LPS,170,52.95,62.96
56088,"Mme Nadège LE ROUX",LPS,165,51.40,61.11
56088,"M. Frédéric BOUDAUD",LPS,164,51.09,60.74
56088,"Mme Anne CUSTINE",LPS,163,50.77,60.37
56088,"M. André BOYDRON",LPS,157,48.90,58.14
56088,"M. Bernard LE ROY",LPS,157,48.90,58.14
56088,"Mme Marie-Charlotte RELOU",LPS,156,48.59,57.77
56088,"Mme Marie-Thérèse LEBRETON",LPS,149,46.41,55.18
56088,"Mme Anne-Sophie BOINOT",LPS,148,46.10,54.81
56088,"M. Jacques DE CERTAINES",LPS,146,45.48,54.07
56088,"M. Jacques POIDVIN",LPS,143,44.54,52.96
56088,"M. Robert TANGUY",LPS,124,38.62,45.92
56088,"M. Daniel LORCY",LPS,105,32.71,38.88
56088,"M. Christophe STENER",LPS,97,30.21,35.92
56088,"M. Jean-Claude DERIAN",LPS,86,26.79,31.85
56088,"M. Paul EECKMAN",LPS,56,17.44,20.74
56089,"M. Jean-Louis LE MASLE",LDIV,836,50.97,100.00
56090,"Mme Armelle NICOLAS",LDIV,1779,35.05,53.35
56090,"M. Yves PERAN",LSOC,1555,30.64,46.64
56091,"M. Hervé LE COQ",LDIV,441,27.63,40.05
56091,"M. Joseph SEVENO",LUMP,660,41.35,59.94
56092,"Mme Laëtitia BRIZOUAL",LPS,355,57.25,74.11
56092,"M. Philippe SAINT-JALMES",LPS,347,55.96,72.44
56092,"Mme Sarah CHAMOT",LPS,341,55.00,71.18
56092,"M. Joël MARIVAIN",LPS,336,54.19,70.14
56092,"Mme Françoise COBIGO",LPS,328,52.90,68.47
56092,"M. Joseph LE GUENIC",LPS,328,52.90,68.47
56092,"Mme Monique LE BRETON",LPS,319,51.45,66.59
56092,"M. Eric POSSEME",LPS,318,51.29,66.38
56092,"Mme Isabelle CHEVEAU",LPS,317,51.12,66.17
56092,"M. Denis LE TEXIER",LPS,312,50.32,65.13
56092,"Mme Sophie JOSSE",LPS,303,48.87,63.25
56092,"Mme Chantal CADOUX",LPS,302,48.70,63.04
56092,"Mme Mélanie MORICE",LPS,298,48.06,62.21
56092,"M. Ernest LE JOSSEC",LPS,296,47.74,61.79
56092,"Mme Valérie PERRIGAUD",LPS,284,45.80,59.29
56092,"M. Thierry JEHANNO",LPS,183,29.51,38.20
56092,"M. Yannick VENANT",LPS,174,28.06,36.32
56092,"M. Jean GUILLERMIC",LPS,172,27.74,35.90
56092,"M. Michel MARIVAIN",LPS,168,27.09,35.07
56092,"Mme Lydia LE CLERE",LPS,165,26.61,34.44
56092,"M. Olivier GANDIN",LPS,153,24.67,31.94
56092,"M. Erwan LE CORRE",LPS,145,23.38,30.27
56092,"M. Michel LE TUTOUR",LPS,144,23.22,30.06
56092,"Mme Jocelyne LECUYER",LPS,139,22.41,29.01
56092,"Mme Valérie MAGUERESSE",LPS,132,21.29,27.55
56092,"M. Jonathan FRAPSAUCE",LPS,128,20.64,26.72
56092,"Mme Kristell THEUROT",LPS,124,20.00,25.88
56092,"Mme Véronique POTHON",LPS,123,19.83,25.67
56092,"M. Yoann HELLEC",LPS,123,19.83,25.67
56092,"M. Eric BASSET",LPS,102,16.45,21.29
56093,"M. Jean-Marc NICOLAS",LPS,214,39.70,59.11
56093,"M. Eric MONNERAYE",LPS,147,27.27,40.60
56093,"M. Samuel COBIGO",LPS,1,0.18,0.27
56093,"M. Grégory BOUDEHEN",LPS,0,0.00,0.00
56093,"Mme Sandrine LE HEN",LPS,0,0.00,0.00
56093,"Mme Leeanne PLOWS",LPS,0,0.00,0.00
56093,"Mme Béatrice VIOLIN",LPS,0,0.00,0.00
56093,"Mme Marina LE SAUCE",LPS,0,0.00,0.00
56093,"M. Jean-Michel QUINIO",LPS,0,0.00,0.00
56093,"Mme Marie DE GRAVE",LPS,0,0.00,0.00
56093,"Mme Muriel MARCHAND",LPS,0,0.00,0.00
56093,"M. Frédéric QUÉRÉ",LPS,0,0.00,0.00
56093,"Mme Gwenolla LE CADRE",LPS,0,0.00,0.00
56093,"Mme Huguette ROCHE",LPS,0,0.00,0.00
56093,"Mme Floriane LE CAM",LPS,0,0.00,0.00
56093,"Mme Anne STEPHAN",LPS,0,0.00,0.00
56094,"M. Jacques LE LUDEC",LDVD,2192,47.79,69.25
56094,"M. Laurent GREGORI",LDIV,973,21.21,30.74
56096,"M. Yvon SÉNÉCHAL",LDVD,550,32.33,46.96
56096,"M. Serge CUVILLIER",LDIV,621,36.50,53.03
56097,"Mme Anne BARBICHON",LDVG,439,16.69,25.86
56097,"M. Pascal LE CALVE",LDVD,1258,47.85,74.13
56098,"Mme Christele RISSEL",LFG,1497,9.14,17.63
56098,"Mme Thérèse THIERY",LDVG,4386,26.77,51.65
56098,"M. Joël IZAR",LDVD,2608,15.92,30.71
56099,"M. Thomas FURNIVAL",LPS,142,45.51,52.78
56099,"M. Gérard BROUSSOT",LPS,140,44.87,52.04
56099,"M. Youenn LE FUR",LPS,129,41.34,47.95
56099,"M. Stephen WATTS",LPS,127,40.70,47.21
56099,"M. Damiens LE FUR",LPS,0,0.00,0.00
56099,"Mme Marie-Christine RENOUF",LPS,0,0.00,0.00
56099,"Mme Jocelyne DAGORNE",LPS,0,0.00,0.00
56099,"M. François LE FUR",LPS,0,0.00,0.00
56099,"M. Vincenzo ROSA",LPS,0,0.00,0.00
56099,"Mme Marianne FLOCH",LPS,0,0.00,0.00
56099,"Mme Isabelle VILLETTE MARTINEZ",LPS,0,0.00,0.00
56099,"M. Thierry LE SEYEC",LPS,0,0.00,0.00
56099,"Mme Stéphanie LE CUNFF",LPS,0,0.00,0.00
56099,"Mme Nadine MASON",LPS,0,0.00,0.00
56100,"Mme Fanny VOISIN",LDIV,420,27.90,38.21
56100,"M. Christian DERRIEN",LDVG,679,45.11,61.78
56101,"M. Claude LE BOURSICO",LDVG,1052,17.65,26.51
56101,"M. Mbaye DIONE",LDVG,763,12.80,19.22
56101,"Mme Patricia KERJOUAN",LDVD,2153,36.13,54.25
56102,"M. Gérard GRANVALET",LDIV,541,38.69,100.00
56103,"M. René QUELLEUC",LPS,180,75.94,91.37
56103,"M. Gwénaël GILBERT",LPS,177,74.68,89.84
56103,"Mme Rachel LE BRETON",LPS,170,71.72,86.29
56103,"M. David NAYL",LPS,160,67.51,81.21
56103,"Mme Isabelle ALBA",LPS,155,65.40,78.68
56103,"M. Henri LE LABOURIER",LPS,152,64.13,77.15
56103,"M. Michel BERTHO",LPS,148,62.44,75.12
56103,"M. Jérome JOUNOT",LPS,138,58.22,70.05
56103,"Mme Monique CAUET",LPS,119,50.21,60.40
56103,"Mme Stéphanie BEAUDIC",LPS,111,46.83,56.34
56103,"Mme Marie-Paule GODIVEAU",LPS,109,45.99,55.32
56103,"Mme Marie-Hélène GROS",LPS,108,45.56,54.82
56103,"Mme Magali GREMY",LPS,97,40.92,49.23
56103,"Mme Nadège LE GENTIL",LPS,96,40.50,48.73
56104,"M. Serge GAGNEUX",LPS,353,51.91,70.60
56104,"M. Jean-François LE QUAY",LPS,349,51.32,69.80
56104,"M. Ludovic LE BRONNEC",LPS,348,51.17,69.60
56104,"Mme Myriam JULIEN",LPS,336,49.41,67.20
56104,"Mme Christelle LE GOSLES",LPS,334,49.11,66.80
56104,"M. Patrick LE CALOCH",LPS,334,49.11,66.80
56104,"M. Jacky LANCELOT",LPS,333,48.97,66.60
56104,"M. Yannig ALORY",LPS,331,48.67,66.20
56104,"Mme Violette ULVE",LPS,330,48.52,66.00
56104,"Mme Dominique BEGHIN",LPS,329,48.38,65.80
56104,"Mme Elisabeth PALIERNE",LPS,327,48.08,65.40
56104,"M. Bernard RIO",LPS,325,47.79,65.00
56104,"M. Jean-Pierre ALLAIN",LPS,321,47.20,64.20
56104,"Mme Béatrice LE DISCOT",LPS,319,46.91,63.80
56104,"M. David LE CORRE",LPS,319,46.91,63.80
56104,"Mme Guylaine LE MOUILLOUR",LPS,183,26.91,36.60
56104,"M. Eric ROY",LPS,179,26.32,35.80
56104,"M. Bertrand AUFFRET",LPS,175,25.73,35.00
56104,"Mme Véronique CARDIET",LPS,169,24.85,33.80
56104,"Mme Mélanie LE FLOCH",LPS,169,24.85,33.80
56104,"M. Gérard MOUCHON",LPS,163,23.97,32.60
56104,"M. Christopher EVANO",LPS,161,23.67,32.20
56104,"M. Clément LE HOUÉ",LPS,160,23.52,32.00
56104,"Mme Françoise ELLEAUME",LPS,158,23.23,31.60
56104,"Mme Christelle BONDUAU",LPS,157,23.08,31.40
56104,"Mme Corinne GUIGNER",LPS,151,22.20,30.20
56104,"Mme Virginie LE MAGUERESSE",LPS,151,22.20,30.20
56105,"Mme Marie-José CARLAC",LDIV,423,46.33,64.28
56105,"Mme Nathalie BOULBEN",LDVG,235,25.73,35.71
56106,"Mme Catherine DENNINGER",LPS,500,53.13,76.92
56106,"M. Yannick FAVE",LPS,500,53.13,76.92
56106,"M. Denis BERTHOLOM",LPS,494,52.49,76.00
56106,"M. Hervé BLANCHARD",LPS,492,52.28,75.69
56106,"M. Guy JANOIS",LPS,491,52.17,75.53
56106,"Mme Annie RIO",LPS,490,52.07,75.38
56106,"M. Paul ALLOUET",LPS,486,51.64,74.76
56106,"Mme Denise MINARD",LPS,485,51.54,74.61
56106,"M. Alain ROYER",LPS,480,51.00,73.84
56106,"Mme Régine GUILLAS",LPS,476,50.58,73.23
56106,"M. Pierre LE MOUROUX",LPS,475,50.47,73.07
56106,"Mme Magali ROUVRAY",LPS,472,50.15,72.61
56106,"M. Pascal HUET",LPS,466,49.52,71.69
56106,"Mme Anne Marie BEVIERE",LPS,463,49.20,71.23
56106,"M. Christian PATTE",LPS,444,47.18,68.30
56106,"M. Claude LAPPAS",LPS,214,22.74,32.92
56106,"M. Guy BÉZILLE",LPS,171,18.17,26.30
56106,"Mme Bernadette DE KERGARIOU",LPS,165,17.53,25.38
56106,"M. Christian BARON",LPS,158,16.79,24.30
56106,"M. Bernard DESCOUR",LPS,152,16.15,23.38
56106,"M. François CREZE",LPS,150,15.94,23.07
56106,"M. Louis-François COLBOC",LPS,146,15.51,22.46
56106,"Mme Françoise LE BERRIGAUD",LPS,143,15.19,22.00
56106,"Mme Lyliane VLAEMYNCK",LPS,140,14.87,21.53
56106,"Mme Michelle DENARIE",LPS,136,14.45,20.92
56106,"Mme Laurence BAILLEUL",LPS,132,14.02,20.30
56107,"M. Victor TONNERRE",LDVD,2554,33.84,55.23
56107,"M. Gérard PINGUET",LDVG,619,8.20,13.38
56107,"Mme Marie-France NORMANT",LDVG,1451,19.22,31.37
56108,"Mme Céline DUPUIS",LPS,424,59.46,97.47
56108,"Mme Simone MALVILLE",LPS,411,57.64,94.48
56108,"M. David SAYER",LPS,408,57.22,93.79
56108,"M. Cyrille KERRAND",LPS,407,57.08,93.56
56108,"M. Raymond LE PAGE",LPS,406,56.94,93.33
56108,"Mme Sophie LE BRUN",LPS,405,56.80,93.10
56108,"M. Paolo TIDU",LPS,405,56.80,93.10
56108,"M. Patrice KNUCHEL",LPS,405,56.80,93.10
56108,"M. Emmanuel LE FLAHEC",LPS,405,56.80,93.10
56108,"Mme Béatrice VANUXEM",LPS,404,56.66,92.87
56108,"M. Mikaël BERTIN",LPS,401,56.24,92.18
56108,"Mme Arlette LE BRETON-GUENEGO",LPS,401,56.24,92.18
56108,"M. André SERAZIN",LPS,387,54.27,88.96
56108,"M. Thierry LE MONNIER-LE PAGE",LPS,383,53.71,88.04
56108,"M. Jean-Luc MAGREX",LPS,380,53.29,87.35
56109,"M. Thierry GAUDIN",LPS,432,58.22,94.94
56109,"Mme Marie-Pierre SURZUR",LPS,432,58.22,94.94
56109,"M. Samuel SIMON",LPS,431,58.08,94.72
56109,"M. Gilles GUEHO",LPS,429,57.81,94.28
56109,"Mme Brigitte CORFMAT",LPS,428,57.68,94.06
56109,"M. David THOMAS",LPS,426,57.41,93.62
56109,"Mme Céline GUENOUX",LPS,425,57.27,93.40
56109,"Mme Jeannine LE JEUNE",LPS,423,57.00,92.96
56109,"M. Hugues BRABANT",LPS,421,56.73,92.52
56109,"Mme Magali DOUSSET",LPS,421,56.73,92.52
56109,"M. Christian COFFINET",LPS,420,56.60,92.30
56109,"Mme Laëtitia EON",LPS,416,56.06,91.42
56109,"M. Ludovic COLLOMB",LPS,416,56.06,91.42
56109,"Mme Marie-Annick BURBAN",LPS,400,53.90,87.91
56109,"M. Patrice LE PENHUIZIC",LPS,395,53.23,86.81
56110,"Mme Marie HEMONIC",LPS,423,55.00,94.63
56110,"Mme Armelle MILLET",LPS,415,53.96,92.84
56110,"Mme Stéphanie ROLLAND",LPS,408,53.05,91.27
56110,"M. Patrick JACQUET",LPS,407,52.92,91.05
56110,"M. Jean-Yves LE PISSART",LPS,402,52.27,89.93
56110,"M. Jean-Claude LE PARC",LPS,398,51.75,89.03
56110,"Mme Carole LE YAOUANQ",LPS,397,51.62,88.81
56110,"Mme Pierrette GAUGEZ",LPS,397,51.62,88.81
56110,"Mme Marie-Rose LE BOUGUENEC",LPS,396,51.49,88.59
56110,"M. François COUSIN",LPS,389,50.58,87.02
56110,"Mme Lidia DACQUAY",LPS,388,50.45,86.80
56110,"M. Laurent PHILIPPE",LPS,387,50.32,86.57
56110,"Mme Lydie BOUEDEC",LPS,386,50.19,86.35
56110,"M. André JAFFRÉ",LPS,358,46.55,80.08
56110,"M. Olivier EDY",LPS,346,44.99,77.40
56111,"M. Gilbert PERRION",LDVD,452,44.97,100.00
56112,"Mme Céline MONNERAYE",LPS,295,49.33,63.30
56112,"M. Pascal BOURY",LPS,289,48.32,62.01
56112,"Mme Marie-Annick BAUCHE",LPS,288,48.16,61.80
56112,"M. Jean-Claude GABILLET",LPS,271,45.31,58.15
56112,"M. Hervé BERNARD",LPS,269,44.98,57.72
56112,"M. Paul-Gilles CHEDALEUX",LPS,267,44.64,57.29
56112,"M. Michel GUILLAUME",LPS,265,44.31,56.86
56112,"Mme Corinne THIRIOT",LPS,265,44.31,56.86
56112,"Mme Sophie BUSSON",LPS,263,43.97,56.43
56112,"M. Eric MICHEL",LPS,259,43.31,55.57
56112,"M. Gilles BADOUEL",LPS,253,42.30,54.29
56112,"M. Johann LEBLANC",LPS,253,42.30,54.29
56112,"Mme Nathalie GUILLERET",LPS,248,41.47,53.21
56112,"Mme Monique VAILLANT",LPS,243,40.63,52.14
56112,"M. Jonathan MARTIN",LPS,239,39.96,51.28
56112,"Mme Dominique BARRET",LPS,232,38.79,49.78
56112,"M. Michel BRELIER",LPS,232,38.79,49.78
56112,"M. Jean-Jacques CHAGNAUD",LPS,225,37.62,48.28
56112,"Mme Denise LORJOUX",LPS,224,37.45,48.06
56112,"M. Rodolphe MICHEL",LPS,219,36.62,46.99
56112,"M. Pascal CARO",LPS,213,35.61,45.70
56112,"M. Hervé MAVRE",LPS,195,32.60,41.84
56112,"Mme Béatrice BOURION",LPS,189,31.60,40.55
56112,"M. Stefan LINDER",LPS,176,29.43,37.76
56112,"Mme Josyane DUTEIL",LPS,172,28.76,36.90
56113,"Mme Christine DROUAL",LPS,434,65.55,92.73
56113,"M. Mickael GUIGUENO",LPS,433,65.40,92.52
56113,"M. Christophe LE DOUARON",LPS,433,65.40,92.52
56113,"Mme Lucette LE ROCH",LPS,431,65.10,92.09
56113,"M. André COLLIGNON",LPS,431,65.10,92.09
56113,"Mme Edith BOUCHARD",LPS,429,64.80,91.66
56113,"M. Jean-Michel LE CUNFF",LPS,428,64.65,91.45
56113,"M. Joël GAUTIER",LPS,428,64.65,91.45
56113,"M. Jérôme LE TADIC",LPS,417,62.99,89.10
56113,"Mme Delphine LE TUTOUR",LPS,410,61.93,87.60
56113,"M. Michel MAUBRE",LPS,405,61.17,86.53
56113,"Mme Karine COSPEREC",LPS,404,61.02,86.32
56113,"Mme Isabelle LE GAL",LPS,398,60.12,85.04
56113,"Mme Françoise KERBIQUET",LPS,396,59.81,84.61
56113,"M. Jean-Charles LOHÉ",LPS,396,59.81,84.61
56114,"M. Pierrick THOMAS",LPS,491,61.83,86.44
56114,"Mme Anne-France NAUDIN",LPS,488,61.46,85.91
56114,"M. Dominique ROUSSELOT",LPS,485,61.08,85.38
56114,"M. Camille LE FLOCH",LPS,470,59.19,82.74
56114,"M. Thomas PERRARD",LPS,470,59.19,82.74
56114,"M. Jean Joseph LE PAN",LPS,464,58.43,81.69
56114,"Mme Stéphane CLEMENT",LPS,461,58.06,81.16
56114,"Mme Corinne TOULME",LPS,451,56.80,79.40
56114,"M. Hugues BANNET",LPS,449,56.54,79.04
56114,"M. Yann COCHENNEC",LPS,440,55.41,77.46
56114,"Mme Bernadette FLAMENT",LPS,429,54.03,75.52
56114,"Mme Cécile GUILLOTTE",LPS,425,53.52,74.82
56114,"M. Bernard GIARD",LPS,408,51.38,71.83
56114,"M. Hervé MICHET DE LA BAUME",LPS,398,50.12,70.07
56114,"Mme Véronique BERTHO",LPS,387,48.74,68.13
56114,"M. Patrick MONTAGNER-ZANIN",LPS,253,31.86,44.54
56115,"M. Dominique RIO",LDIV,183,17.74,24.53
56115,"Mme Martine LOHEZIC",LDIV,563,54.60,75.46
56116,"M. Ronan LORGEOUX",LDVD,378,23.49,33.30
56116,"M. Michel JEANNOT",LDVD,757,47.04,66.69
56117,"Mme Jacqueline COURIO",LSOC,129,4.55,6.62
56117,"Mme Corinne GUILLOT",LDIV,585,20.64,30.03
56117,"M. Grégoire SUPER",LDVD,1234,43.55,63.34
56118,"Mme Marylene PRIGENT",LDVD,1081,32.70,47.26
56118,"Mme Nathalie LE MAGUERESSE",LDVG,1206,36.49,52.73
56119,"M. Jean-Maurice MAJOU",LDVD,1210,45.21,100.00
56120,"M. Michel GUERNEVE",LDIV,480,40.40,53.03
56120,"M. Henri LE PORHO",LUMP,425,35.77,46.96
56121,"M. Fabrice LOHER",LUD,7050,18.61,34.03
56121,"M. Norbert METAIRIE",LSOC,8843,23.35,42.69
56121,"Mme Delphine ALEXANDRE",LFG,1966,5.19,9.49
56121,"Mme Joëlle BERGERON",LFN,2855,7.53,13.78
56122,"M. Denis TREHOREL",LDVD,497,39.95,53.21
56122,"Mme Viviane LE BORGNE",LDIV,437,35.12,46.78
56123,"M. Jean-Claude RAKOZY",LDIV,825,47.66,61.52
56123,"M. François HERVIEUX",LDVG,516,29.80,38.47
56124,"M. Bruno GICQUELLO",LDIV,998,50.48,68.02
56124,"M. Bernard MILOUX",LDVD,469,23.72,31.97
56125,"Mme Dominique GUEGAN",LDIV,675,47.83,100.00
56126,"M. Denis LE RALLE",LDVD,615,37.25,100.00
56127,"M. Eugène GRASLAND",LDVD,934,38.21,53.86
56127,"M. Charles-Edouard FICHET",LDVG,800,32.73,46.13
56128,"M. Charles BOULOUARD",LDIV,383,31.29,39.44
56128,"Mme Murielle NICOL",LDIV,244,19.93,25.12
56128,"Mme Josiane LAURENT",LDVG,344,28.10,35.42
56129,"M. Jean-Luc COUSIN",LDVG,400,32.84,45.19
56129,"Mme Yvette FOLLIARD",LDVD,485,39.81,54.80
56130,"M. Joël JEGOUX",LDIV,521,22.86,32.28
56130,"M. Jean-Michel CORLAY",LDVD,1093,47.95,67.71
56131,"Mme Marie-Claude BEYRIS",LDIV,288,25.48,36.50
56131,"M. Ange LE LAN",LDVD,501,44.33,63.49
56132,"Mme Anne-Sophie MERCIER",LDVG,341,21.73,31.11
56132,"M. Pierrick MESSAGER",LDVD,755,48.11,68.88
56133,"M. Jean-Yves LALY",LDVD,468,54.35,100.00
56134,"M. Jean-François CARO",LPS,347,46.20,61.85
56134,"Mme Josiane DENIS",LPS,343,45.67,61.14
56134,"M. Jean-Louis BOUTE",LPS,335,44.60,59.71
56134,"M. Pascal LEQUEUX",LPS,326,43.40,58.11
56134,"Mme Isabelle GALLOUX",LPS,318,42.34,56.68
56134,"Mme Marie-Véronique VANDEKERKOVE",LPS,317,42.21,56.50
56134,"Mme Claudine LALYCAN",LPS,314,41.81,55.97
56134,"M. Marc GUILLEMAUD",LPS,313,41.67,55.79
56134,"M. Hervé PRESSARD",LPS,311,41.41,55.43
56134,"M. Jean-Michel CLERO",LPS,310,41.27,55.25
56134,"M. Hervé MOREL",LPS,306,40.74,54.54
56134,"M. Marc COLLAS",LPS,305,40.61,54.36
56134,"Mme Martine LE RAT",LPS,304,40.47,54.18
56134,"M. Alain BLANDEL",LPS,290,38.61,51.69
56134,"M. Ludovic HOUEIX",LPS,286,38.08,50.98
56134,"M. Stéphane GUILLARD",LPS,279,37.15,49.73
56134,"M. Alain LE BRIS",LPS,277,36.88,49.37
56134,"M. Jean-Marc EURIN",LPS,271,36.08,48.30
56134,"Mme Monique BOSCHET",LPS,268,35.68,47.77
56134,"M. Jean-Robert BIGORGNE",LPS,267,35.55,47.59
56134,"M. Bruno TEDESCHI",LPS,267,35.55,47.59
56134,"M. Jean-Claude BLANDEL",LPS,259,34.48,46.16
56134,"Mme Véronique THEBAULT",LPS,242,32.22,43.13
56134,"M. Christophe MEYLHOC",LPS,242,32.22,43.13
56134,"Mme Paulette PICARD",LPS,214,28.49,38.14
56134,"Mme Josiane MOCHEL",LPS,197,26.23,35.11
56134,"M. Gilbert DESLANDES",LPS,186,24.76,33.15
56135,"Mme Marie Claude COSTA RIBEIRO GOMES",LDIV,462,42.50,100.00
56136,"Mme Delphine PELE",LPS,238,41.17,97.14
56136,"M. Marc LEBLANC",LPS,220,38.06,89.79
56136,"M. René BARRAT",LPS,2,0.34,0.81
56136,"Mme Maryline MONTOIR",LPS,2,0.34,0.81
56136,"Mme Séverine LELIEVRE",LPS,1,0.17,0.40
56136,"M. Thierry D'ALBERTO",LPS,1,0.17,0.40
56136,"M. Yves ORHAN",LPS,1,0.17,0.40
56136,"M. Jean HAMON",LPS,0,0.00,0.00
56136,"M. Gaël HUGOT",LPS,0,0.00,0.00
56136,"M. Daniel MICHEL",LPS,0,0.00,0.00
56136,"Mme Yvette PAYEN",LPS,0,0.00,0.00
56136,"Mme Chantal DANION",LPS,0,0.00,0.00
56136,"M. Joël JOSSE",LPS,0,0.00,0.00
56136,"M. Daniel MONIN",LPS,0,0.00,0.00
56136,"M. Thierry FONTAINE",LPS,0,0.00,0.00
56136,"Mme Marie-Françoise JOSSE",LPS,0,0.00,0.00
56136,"Mme Denise MONNIER",LPS,0,0.00,0.00
56136,"Mme Véronique RIZZON",LPS,0,0.00,0.00
56136,"M. Hubert FOUCAUD",LPS,0,0.00,0.00
56137,"M. Gérard GUILLERON",LDIV,751,33.04,53.87
56137,"M. Yannick CAOUDAL",LDIV,643,28.28,46.12
56138,"M. David FOHANNO",LPS,99,39.60,58.57
56138,"M. Richard DEBLAUWE",LPS,70,28.00,41.42
56138,"Mme Audrey BREHELIN",LPS,0,0.00,0.00
56138,"M. Anthony GARIN",LPS,0,0.00,0.00
56138,"Mme Emeline NICOLAS",LPS,0,0.00,0.00
56138,"Mme Julie BRIEND",LPS,0,0.00,0.00
56138,"M. Paul LE ROCH",LPS,0,0.00,0.00
56138,"M. Frank VANBEVER",LPS,0,0.00,0.00
56138,"M. Tugdual COSSE",LPS,0,0.00,0.00
56138,"Mme Gaelle LETORT",LPS,0,0.00,0.00
56138,"M. Didier MASCLET",LPS,0,0.00,0.00
56138,"M. Frederic MORIN",LPS,0,0.00,0.00
56139,"Mme Marie-Agnès DAVALO",LPS,212,71.86,94.64
56139,"M. Hervé BOUSSO",LPS,208,70.50,92.85
56139,"M. Romain HOUSSIN",LPS,207,70.16,92.41
56139,"Mme Nellie JOLIVET",LPS,205,69.49,91.51
56139,"M. Jean-François NIZAN",LPS,204,69.15,91.07
56139,"M. Philippe DELAUNAY",LPS,202,68.47,90.17
56139,"Mme Sylvie GUIL",LPS,202,68.47,90.17
56139,"Mme Elisabeth LOZEVIS",LPS,201,68.13,89.73
56139,"M. Pierre DUPUY",LPS,195,66.10,87.05
56139,"M. Bernard LE BOUTER",LPS,164,55.59,73.21
56139,"Mme Martine LE GUILLY",LPS,159,53.89,70.98
56140,"M. Pascal ROSELIER",LDVD,1187,44.20,57.01
56140,"M. Jean-Félix LE MASLE",LDIV,895,33.33,42.98
56141,"M. Alain JOUAN",LDVG,410,32.15,41.62
56141,"M. Benoît ROLLAND",LMDM,575,45.09,58.37
56142,"Mme Anne JOUAN",LPS,269,52.74,63.74
56142,"M. Yannick LE HIR",LPS,264,51.76,62.55
56142,"M. Jacques LE MOUEL",LPS,264,51.76,62.55
56142,"M. Hugues SAMY",LPS,264,51.76,62.55
56142,"M. Jean LE FISCHER",LPS,260,50.98,61.61
56142,"M. Yvan LE PETITCORPS",LPS,259,50.78,61.37
56142,"Mme Alexandra BILY",LPS,258,50.58,61.13
56142,"Mme Christelle LEVINE",LPS,255,50.00,60.42
56142,"M. Patrick GARDIEN",LPS,252,49.41,59.71
56142,"Mme Viviane DISSAIS",LPS,251,49.21,59.47
56142,"M. Olivier CADOUX",LPS,251,49.21,59.47
56142,"Mme Adeline CADOUDAL",LPS,250,49.01,59.24
56142,"Mme Marie-Chantal CORRIGNAN",LPS,243,47.64,57.58
56142,"M. Laurent ROUSSEAU",LPS,239,46.86,56.63
56142,"Mme Anne SCHMIDT",LPS,234,45.88,55.45
56142,"M. Eugène OGE",LPS,189,37.05,44.78
56142,"M. Jean-Marc GUYOMARD",LPS,174,34.11,41.23
56142,"M. Jean-Hugues AUFFRET",LPS,170,33.33,40.28
56142,"M. Jean-Claude BELLEC",LPS,168,32.94,39.81
56142,"Mme Marie-Pierre JOUANNO",LPS,168,32.94,39.81
56142,"M. Richard MAHO",LPS,166,32.54,39.33
56142,"M. Tristan KERHOUANT",LPS,166,32.54,39.33
56142,"M. Francis LE METAYER",LPS,165,32.35,39.09
56142,"M. Armel JOUANNO",LPS,164,32.15,38.86
56142,"M. Jean-Pierre LE MAREC",LPS,164,32.15,38.86
56142,"M. Matthieu LE PETITCORPS",LPS,163,31.96,38.62
56142,"M. Joël GUILLEMIN",LPS,162,31.76,38.38
56142,"Mme Sophie PEDRONO",LPS,159,31.17,37.67
56142,"M. Thierry ORRIOLS",LPS,155,30.39,36.72
56142,"Mme Annick DUFOUR",LPS,153,30.00,36.25
56143,"M. Jérome SAEGAERT",LDVG,774,20.24,29.38
56143,"M. Joseph BROHAN",LDVD,1860,48.64,70.61
56144,"M. Gérard CORRIGNAN",LDVD,667,47.50,100.00
56145,"Mme Claudia NOUVEL",LPS,501,63.25,81.72
56145,"M. Eric DANIEL",LPS,486,61.36,79.28
56145,"M. Yoann BECEL",LPS,465,58.71,75.85
56145,"Mme Sandrine GEFFRAY",LPS,462,58.33,75.36
56145,"M. Benoit MERLET",LPS,456,57.57,74.38
56145,"Mme Anne-Marie COULON",LPS,452,57.07,73.73
56145,"M. Jean-Luc HEUZEL",LPS,452,57.07,73.73
56145,"M. Philippe LOUAPRE",LPS,441,55.68,71.94
56145,"M. Fabrice CHEREL",LPS,439,55.42,71.61
56145,"M. Eric BOURNE",LPS,420,53.03,68.51
56145,"Mme Yvette MOUNIER",LPS,416,52.52,67.86
56145,"Mme Christine LARSONNEUR",LPS,414,52.27,67.53
56145,"M. Alain DORE",LPS,408,51.51,66.55
56145,"Mme Evelyne DAHYOT",LPS,384,48.48,62.64
56145,"M. Alain CARRIC",LPS,374,47.22,61.01
56145,"M. Dominique BELNA",LPS,336,42.42,54.81
56145,"M. Gérard ROULIN",LPS,314,39.64,51.22
56145,"M. Emmanuel GIROUX",LPS,166,20.95,27.07
56146,"M. Jean-Pierre LE PONNER",LDIV,436,38.24,51.23
56146,"Mme Nelly LE REZOLLIER",LDVD,415,36.40,48.76
56147,"M. Patrick MUELA",LDIV,843,25.66,37.55
56147,"M. Alain GUIHARD",LDVD,1402,42.67,62.44
56148,"Mme Marielle LE BIHAN",LDIV,226,20.37,26.09
56148,"M. Jean-Pierre GOURDEN",LDVD,640,57.70,73.90
56149,"M. Jean-Claude FOUCRAUT",LDVD,562,29.62,39.71
56149,"M. Patrick BEILLON",LDIV,853,44.96,60.28
56150,"M. Thierry BOURBON",LPS,300,49.75,60.72
56150,"M. Xavier-Pierre BOULANGER",LPS,299,49.58,60.52
56150,"M. Pierre GONIN",LPS,296,49.08,59.91
56150,"M. Luc QUISTREBERT",LPS,294,48.75,59.51
56150,"Mme Roselyne VILLENEUVE",LPS,293,48.59,59.31
56150,"M. Gilles FORDOS",LPS,291,48.25,58.90
56150,"M. Joël YVON",LPS,291,48.25,58.90
56150,"M. Patrick PETROLLI",LPS,289,47.92,58.50
56150,"Mme Marjolaine BENVENISTE",LPS,287,47.59,58.09
56150,"M. Dominique PAPEIL",LPS,287,47.59,58.09
56150,"Mme Monique LE BOULER",LPS,287,47.59,58.09
56150,"M. Marc FISCH",LPS,283,46.93,57.28
56150,"Mme Monique LAMORINIERE-COCHERY",LPS,283,46.93,57.28
56150,"Mme Caroline LE BODIC",LPS,277,45.93,56.07
56150,"M. Michel RIKLINE",LPS,272,45.10,55.06
56150,"M. André GUILLAUME",LPS,225,37.31,45.54
56150,"Mme Christine MONCEAU",LPS,213,35.32,43.11
56150,"Mme Charlotte LAMOUREUX",LPS,211,34.99,42.71
56150,"Mme Nolwenn LE MOIGNO",LPS,207,34.32,41.90
56150,"M. Ludovic ARRAULT",LPS,206,34.16,41.70
56150,"M. David BOUCHER",LPS,203,33.66,41.09
56150,"M. Olivier MERER",LPS,202,33.49,40.89
56150,"M. Bertrand DOUGERE",LPS,202,33.49,40.89
56150,"Mme Marie-Hélène CHILARD",LPS,202,33.49,40.89
56150,"Mme Thérèse TORLAY",LPS,202,33.49,40.89
56150,"Mme Claudine BURGEOT",LPS,199,33.00,40.28
56150,"M. Gérard LE CALLONNEC",LPS,199,33.00,40.28
56150,"Mme Christine CATREVAUX",LPS,197,32.66,39.87
56150,"Mme Raphaële FORET",LPS,192,31.84,38.86
56150,"M. Willy BEGUE",LPS,191,31.67,38.66
56151,"M. Marc KERRIEN",LDVD,1041,36.22,52.23
56151,"M. Bernard DELHAYE",LDIV,952,33.12,47.76
56152,"M. Frédéric LE GARS",LDVG,746,36.05,51.84
56152,"M. Bernard BERTHELOT",LDIV,693,33.49,48.15
56153,"M. Christian DROUAL",LDVG,963,46.32,100.00
56154,"M. Stéphane MABON",LDIV,467,32.49,41.95
56154,"M. Gérard PROVOST",LDIV,646,44.95,58.04
56155,"M. Jean-Claude BAUDRAIS",LDVD,720,38.31,52.02
56155,"M. Jean-Claude PONTILLON",LDVG,664,35.33,47.97
56156,"M. Laurent LE GOALLER",LPS,20,7.90,33.33
56156,"Mme Myriam CHENAIS",LPS,11,4.34,18.33
56156,"Mme Patricia LE PARC",LPS,9,3.55,15.00
56156,"M. Mikaël GUILLEMOT",LPS,8,3.16,13.33
56156,"M. Erwan BEVAN",LPS,5,1.97,8.33
56156,"Mme Marie-Anne COLLET",LPS,2,0.79,3.33
56156,"M. Philippe NARAS",LPS,2,0.79,3.33
56156,"M. Jérôme DACQUAY",LPS,2,0.79,3.33
56156,"Mme Dominique HONNORAT",LPS,1,0.39,1.66
56156,"Mme Lucile ROUSSE",LPS,0,0.00,0.00
56156,"M. Jérôme QUENDO",LPS,0,0.00,0.00
56157,"M. Patrick PARISOT",LUDI,619,44.21,100.00
56158,"M. Loïc LE TRIONNAIRE",LDVG,1386,33.28,54.26
56158,"M. Cyril JAN",LDVD,1168,28.04,45.73
56159,"M. Bruno SIENA D'AUTIGNY",LDIV,149,10.98,14.81
56159,"M. Alain LAUNAY",LDIV,857,63.20,85.18
56160,"M. René JEGAT",LDVD,452,49.45,100.00
56161,"M. Jean-Luc LE TALLEC",LDIV,1098,49.01,100.00
56162,"M. Loïc LE MEUR",LUG,4871,30.01,49.49
56162,"M. Ronan LOAS",LUD,4970,30.62,50.50
56163,"M. Jean-Luc GUILLOUX",LSOC,501,51.91,100.00
56164,"M. Michel CREUSE",LDVG,860,17.91,29.23
56164,"M. Gilbert LORHO",LDVD,2082,43.36,70.76
56165,"M. Patrick LE DIFFON",LUMP,2325,33.30,47.09
56165,"Mme Béatrice LE MARRE",LSOC,1393,19.95,28.21
56165,"M. Paul ANSELIN",LDVD,1219,17.46,24.69
56166,"M. Joël VIOT",LDVG,818,19.93,28.08
56166,"M. Jacques LE NAY",LUDI,2095,51.04,71.91
56167,"M. Olivier COULON",LUMP,631,33.40,46.91
56167,"M. Olivier KILMAN",LDIV,714,37.79,53.08
56168,"M. Gérard PIERRE",LDVD,733,41.43,61.80
56168,"Mme Simone ROBINO-KERZERHO",LDVG,453,25.60,38.19
56169,"Mme Stephanie TALLEC",LDIV,1065,23.93,36.82
56169,"M. Adrien LE FORMAL",LDVD,1827,41.06,63.17
56170,"M. Michel MORVANT",LDVD,410,50.55,62.69
56170,"M. Joseph CORNEC",LSOC,244,30.08,37.30
56171,"M. René DANILET",LDVG,534,47.29,100.00
56172,"M. Stéphane HAMON",LDVG,915,43.96,60.67
56172,"Mme Sylvie JAFFRE",LDVD,593,28.49,39.32
56173,"M. Benoît QUÉRO",LDIV,1163,44.01,56.23
56173,"Mme Marie-Joelle KRAFFE-BUTRUILLE",LDIV,124,4.69,5.99
56173,"M. Daniel KERBART",LDVG,781,29.56,37.76
56174,"M. Pierre GUEGAN",LDVD,1028,53.48,100.00
56175,"Mme Odile ROSNARHO",LDVD,1335,46.92,100.00
56176,"M. Alain GOURDON",LDVG,1158,27.32,44.91
56176,"M. Franck VALLEIN",LDVG,1420,33.50,55.08
56177,"M. Yvonnick GUEHENNEC",LDIV,1908,33.87,49.77
56177,"M. Gérard PILLET",LDVG,1925,34.17,50.22
56178,"Mme Christine LE STRAT",LUC,3254,34.86,54.09
56178,"M. Daniel LE COUVIOUR",LSOC,1710,18.32,28.42
56178,"Mme Marie-Madeleine DORE-LUCAS",LDVG,512,5.48,8.51
56178,"M. Eric SEGUET",LDIV,539,5.77,8.96
56179,"M. Didier LE PRIOL",LDVG,692,26.31,38.55
56179,"M. Pierrik NEVANNEN",LDVD,811,30.83,45.18
56179,"M. Hervé COZIC",LDIV,292,11.10,16.26
56180,"Mme Aurélie LUCAS",LPS,294,57.19,94.83
56180,"M. Rémy HERVIAULT",LPS,284,55.25,91.61
56180,"M. Jean-François ORJUBIN",LPS,280,54.47,90.32
56180,"M. Alain GUILLONNET",LPS,276,53.69,89.03
56180,"Mme Yolande TEXIER",LPS,272,52.91,87.74
56180,"Mme Aurélie BONNETAIN",LPS,269,52.33,86.77
56180,"M. Laurent GUILLEREY",LPS,265,51.55,85.48
56180,"M. Pierre NEVES",LPS,261,50.77,84.19
56180,"Mme Céline YVRANDE",LPS,259,50.38,83.54
56180,"Mme Fabienne KERFERS",LPS,253,49.22,81.61
56180,"Mme Sylvie CHEDALEUX",LPS,246,47.85,79.35
56180,"M. Philippe LE SAUX",LPS,246,47.85,79.35
56180,"M. Olivier URVOY",LPS,243,47.27,78.38
56180,"M. Pierre HAMERY",LPS,228,44.35,73.54
56180,"M. Patrick ROUSSELOT",LPS,212,41.24,68.38
56181,"Mme Muriel JOURDA",LDVD,574,25.73,35.51
56181,"M. Daniel MARTIN",LDVG,692,31.03,42.82
56181,"M. Jean-Michel PAHUN",LDVG,350,15.69,21.65
56182,"M. Dominique LE NINIVEN",LDVD,409,46.90,100.00
56183,"Mme Martine LE ROUX-BECEL",LPS,290,63.87,96.34
56183,"M. Stéphane VINCENT",LPS,286,62.99,95.01
56183,"Mme Vanessa JOLY",LPS,284,62.55,94.35
56183,"Mme Laëtitia PAYEN",LPS,276,60.79,91.69
56183,"M. Stéphane DENOUAL",LPS,271,59.69,90.03
56183,"Mme Laurence BOUCHET-CHEVALIER",LPS,270,59.47,89.70
56183,"Mme Marie-Andrée DELANNEE-LUC",LPS,270,59.47,89.70
56183,"Mme Chrystelle GICQUEL",LPS,270,59.47,89.70
56183,"M. Yannick CHEVAL",LPS,269,59.25,89.36
56183,"M. Joseph ROBERT",LPS,266,58.59,88.37
56183,"M. Loïc HERVY",LPS,240,52.86,79.73
56183,"M. John BILLINGTON",LPS,235,51.76,78.07
56183,"M. Jean-Jacques BOULESTIER",LPS,232,51.10,77.07
56183,"M. Claude ROBERT",LPS,229,50.44,76.07
56183,"Mme Sarah TRUET",LPS,217,47.79,72.09
56184,"Mme Marie Annick MARTIN",LDIV,2260,40.75,55.01
56184,"M. Paul PABOEUF",LSOC,1848,33.32,44.98
56185,"M. Marc BOUTRUCHE",LDVD,2627,35.29,56.50
56185,"M. Marc COZILIS",LCOM,2022,27.16,43.49
56186,"M. Jacques LEROY",LDIV,595,12.20,16.96
56186,"M. Bernard HILLIET",LDVD,1478,30.30,42.14
56186,"M. Jean-Michel BELZ",LDVD,1434,29.40,40.88
56187,"M. Nicolas GOUSSET",LPS,161,68.51,82.98
56187,"Mme Maddie COLLOUD",LPS,159,67.65,81.95
56187,"Mme Françoise LE GAL",LPS,158,67.23,81.44
56187,"Mme Christelle AUDO",LPS,156,66.38,80.41
56187,"M. Sébastien GUEHO",LPS,153,65.10,78.86
56187,"Mme Christine POULCALLEC",LPS,143,60.85,73.71
56187,"Mme Hélène ROBERT",LPS,141,60.00,72.68
56187,"Mme Evelyne BLANCHON",LPS,134,57.02,69.07
56187,"M. Anthony MALABOEUF",LPS,134,57.02,69.07
56187,"M. Laurent PHILIPPE",LPS,132,56.17,68.04
56187,"M. Jean-Luc TREGAROT",LPS,120,51.06,61.85
56187,"M. Yohan LATINIER",LPS,74,31.48,38.14
56187,"M. Jean-Marie LEBON",LPS,74,31.48,38.14
56187,"M. Christophe LAUNAY",LPS,73,31.06,37.62
56187,"Mme Véronique SABOURDY",LPS,61,25.95,31.44
56188,"Mme Gisèle GUILBART",LDVG,472,42.06,100.00
56189,"M. Bernard LE BRETON",LDVD,313,42.29,100.00
56190,"M. Jean-Luc LE TARNEC",LDVD,672,49.81,64.49
56190,"M. Alain MOUREIX",LDIV,370,27.42,35.50
56191,"Mme Jessica LEMASSON",LPS,192,64.42,87.27
56191,"M. Eugène TUAL",LPS,183,61.40,83.18
56191,"M. François BINIO",LPS,179,60.06,81.36
56191,"Mme Claudine HARDAT",LPS,174,58.38,79.09
56191,"Mme Séverine ROBERT",LPS,166,55.70,75.45
56191,"M. Pascal GERARD",LPS,152,51.00,69.09
56191,"M. Édouard OUVRARD",LPS,143,47.98,65.00
56191,"Mme Céline FOLIO",LPS,143,47.98,65.00
56191,"M. Patrice DANDIN",LPS,140,46.97,63.63
56191,"M. Joseph ROGER",LPS,132,44.29,60.00
56191,"M. Maurice BROUXEL",LPS,129,43.28,58.63
56191,"M. Bertrand ROGER",LPS,121,40.60,55.00
56191,"M. Michel BONAL",LPS,99,33.22,45.00
56191,"M. Michel MARTIN",LPS,87,29.19,39.54
56191,"Mme Joëlle FRADIN",LPS,72,24.16,32.72
56192,"Mme Nadine RASTEL",LPS,278,37.77,58.28
56192,"Mme Béatrice FAVREAU",LPS,199,27.03,41.71
56192,"Mme Céline CARTIER",LPS,0,0.00,0.00
56192,"M. Anthony GREGOIRE",LPS,0,0.00,0.00
56192,"M. Kévin LE NOUAIL",LPS,0,0.00,0.00
56192,"M. François ROPERCH",LPS,0,0.00,0.00
56192,"M. Yannick ETIENNE",LPS,0,0.00,0.00
56192,"Mme Véronique GUILLAUME",LPS,0,0.00,0.00
56192,"M. Fabien MICHALAK",LPS,0,0.00,0.00
56192,"Mme Valérie HENO",LPS,0,0.00,0.00
56192,"M. Stéphanie NICOLLE-BIANPAIN",LPS,0,0.00,0.00
56192,"Mme Brigitte GERARD-LEMOULT",LPS,0,0.00,0.00
56192,"Mme Jacqueline JOSSO",LPS,0,0.00,0.00
56192,"Mme Anne QUERO",LPS,0,0.00,0.00
56192,"M. Joseph GICQUEL",LPS,0,0.00,0.00
56192,"Mme Marie-Thérèse LE GUEVEL",LPS,0,0.00,0.00
56193,"M. Gérard OLLIVIER",LSOC,944,22.78,34.40
56193,"M. Jean-Michel BONHOMME",LDIV,1800,43.44,65.59
56194,"Mme Françoise NERBONNE",LDVG,621,26.19,36.87
56194,"M. André FONTAINE",LDVD,1063,44.83,63.12
56195,"M. Michel FLENER",LPS,210,40.07,58.01
56195,"M. Alain PASGRIMAUD",LPS,199,37.97,54.97
56195,"M. Philippe ROULIER",LPS,185,35.30,51.10
56195,"M. Yannick SOREL",LPS,181,34.54,50.00
56195,"M. Dominique BONTEMPS",LPS,181,34.54,50.00
56195,"M. Christophe PALOU",LPS,180,34.35,49.72
56195,"M. Michel BARBIER",LPS,171,32.63,47.23
56195,"M. François GUYONVARCH",LPS,165,31.48,45.58
56195,"M. Marcel LORIOT",LPS,150,28.62,41.43
56195,"M. Mohamed DIAOUNET",LPS,116,22.13,32.04
56195,"Mme Nadine ADEUX",LPS,0,0.00,0.00
56195,"M. Gilles DUCATEL",LPS,0,0.00,0.00
56195,"M. Bernard RENOUX",LPS,0,0.00,0.00
56195,"Mme Agnès FARINEL",LPS,0,0.00,0.00
56195,"M. Pierric MOISON",LPS,0,0.00,0.00
56195,"M. Dominique BLEUNVEN",LPS,0,0.00,0.00
56195,"Mme Florence NEUMULLER",LPS,0,0.00,0.00
56195,"M. Marc GAGLIARDI",LPS,0,0.00,0.00
56195,"Mme Alexina VANGENEBERG",LPS,0,0.00,0.00
56195,"M. Adrianus WEBER",LPS,0,0.00,0.00
56196,"M. Raymond BEAUHAIRE",LPS,235,55.68,81.31
56196,"M. Michel LAUNAY",LPS,224,53.08,77.50
56196,"M. David MAINCENT",LPS,218,51.65,75.43
56196,"M. Philippe LAMBERT",LPS,206,48.81,71.28
56196,"Mme Véronique RIGAUD",LPS,205,48.57,70.93
56196,"Mme Marie-Thérèse LE GLAUNEC",LPS,198,46.91,68.51
56196,"M. Olivier DUMAS LACOUR",LPS,198,46.91,68.51
56196,"Mme Evelyne MAHE",LPS,195,46.20,67.47
56196,"M. Michel GOUELLO",LPS,193,45.73,66.78
56196,"M. Stéphane COMBEAU",LPS,189,44.78,65.39
56196,"M. Gérard LE BLAY",LPS,189,44.78,65.39
56196,"M. Serge BUCHET",LPS,188,44.54,65.05
56196,"M. Jean-François HUMEAU",LPS,169,40.04,58.47
56196,"M. Claude MAGNEN",LPS,155,36.72,53.63
56196,"Mme Véronique MUZERELLE",LPS,155,36.72,53.63
56196,"Mme Julie BURBAN",LPS,152,36.01,52.59
56197,"M. Thierry HUIBAN",LPS,469,62.20,85.42
56197,"M. Jean-Paul DUBOIS",LPS,447,59.28,81.42
56197,"M. Stéphane CHENAIS",LPS,427,56.63,77.77
56197,"Mme Marie-France DELALANDE",LPS,422,55.96,76.86
56197,"Mme Florence PRUNET",LPS,415,55.03,75.59
56197,"M. Bertrand DANY",LPS,408,54.11,74.31
56197,"Mme Stéphanie MILOUX",LPS,400,53.05,72.85
56197,"Mme Angélique CHARDOLA",LPS,374,49.60,68.12
56197,"M. Alain BIGOT",LPS,373,49.46,67.94
56197,"M. Laurent ROUSSEAU",LPS,364,48.27,66.30
56197,"M. Pierre-Yves NIGNON",LPS,345,45.75,62.84
56197,"Mme Lydia DENOUAL",LPS,334,44.29,60.83
56197,"M. Jean HAVART",LPS,332,44.03,60.47
56197,"Mme Nathalie GEFFROY",LPS,321,42.57,58.46
56197,"Mme Yvonne BAUCHE",LPS,318,42.17,57.92
56197,"M. Richard CATALANO",LPS,303,40.18,55.19
56197,"Mme Marion MOREAU",LPS,281,37.26,51.18
56197,"M. Bernard MILLET",LPS,281,37.26,51.18
56197,"Mme Michelle LE CALONNEC",LPS,261,34.61,47.54
56197,"Mme Jacqueline MARIN",LPS,216,28.64,39.34
56198,"M. Bernard NIZAN",LDVG,644,54.11,100.00
56199,"M. Anthony ROLLAND",LPS,281,51.37,73.17
56199,"M. Louis-Marc QUERE",LPS,248,45.33,64.58
56199,"Mme Sylvie BOIVIN",LPS,136,24.86,35.41
56199,"M. Clément HASCOËT",LPS,11,2.01,2.86
56199,"Mme Isabelle RIVOAL",LPS,2,0.36,0.52
56199,"M. Eric MARECHAL",LPS,2,0.36,0.52
56199,"Mme Marcelle BENEAT",LPS,0,0.00,0.00
56199,"M. Paul GRIJOL",LPS,0,0.00,0.00
56199,"M. Joel MAGUER",LPS,0,0.00,0.00
56199,"M. Jacques BLEUZEN",LPS,0,0.00,0.00
56199,"M. Sebastien LE BEC",LPS,0,0.00,0.00
56199,"M. Roger NAVELLOU",LPS,0,0.00,0.00
56199,"Mme Lorna Kay COOKE",LPS,0,0.00,0.00
56199,"Mme Sandrine LE CLECH",LPS,0,0.00,0.00
56199,"M. William CRAFF",LPS,0,0.00,0.00
56199,"Mme Patricia LEROY",LPS,0,0.00,0.00
56199,"M. Christian QUÉRÉ",LPS,0,0.00,0.00
56200,"M. Thierry GUE",LDVD,524,46.53,100.00
56201,"Mme Sandrine CADOU-LE GALL",LPS,290,52.34,68.23
56201,"Mme Marlène BARBOU",LPS,271,48.91,63.76
56201,"Mme Chantal CIGOGNE",LPS,262,47.29,61.64
56201,"M. Olivier LE ROUX",LPS,245,44.22,57.64
56201,"Mme Nathalie MORICE",LPS,243,43.86,57.17
56201,"Mme Isabelle LE BONZEC",LPS,242,43.68,56.94
56201,"M. Joël BELLEC",LPS,241,43.50,56.70
56201,"M. Pascal DUVAL",LPS,240,43.32,56.47
56201,"M. Pierre DUBOIS",LPS,239,43.14,56.23
56201,"Mme Camille PRASLICKA",LPS,233,42.05,54.82
56201,"Mme Prisca COUTELLER",LPS,233,42.05,54.82
56201,"M. Joseph TANGUY",LPS,227,40.97,53.41
56201,"M. Gérard BELLEC",LPS,227,40.97,53.41
56201,"Mme Hélène LE NY",LPS,226,40.79,53.17
56201,"Mme Angélique CALLAC",LPS,216,38.98,50.82
56201,"M. Elie BARBEAU",LPS,213,38.44,50.11
56201,"Mme Nathalie MONNERAIS",LPS,208,37.54,48.94
56201,"M. Joseph LE GUILLOU",LPS,207,37.36,48.70
56201,"M. Marcel COSPEREC",LPS,200,36.10,47.05
56201,"M. Nicolas DIEU",LPS,197,35.55,46.35
56201,"Mme Simone HEIDRICH",LPS,193,34.83,45.41
56201,"M. Christian ALLANOT",LPS,180,32.49,42.35
56202,"M. Maurice DUBOIS",LPS,244,58.79,83.84
56202,"M. Richard MERVEILLEUX",LPS,241,58.07,82.81
56202,"M. Laurent DUPE",LPS,240,57.83,82.47
56202,"M. Christian LE MEDEC",LPS,240,57.83,82.47
56202,"Mme Christine LE BRETON",LPS,233,56.14,80.06
56202,"Mme Marie-Thérèse COUTEAU",LPS,232,55.90,79.72
56202,"Mme Morgane PUISSANT",LPS,227,54.69,78.00
56202,"Mme Chantal COUEDIC",LPS,225,54.21,77.31
56202,"M. Jérôme COUEDIC",LPS,219,52.77,75.25
56202,"Mme Alexandra LE NINAN",LPS,217,52.28,74.57
56202,"Mme Marie-Claude GARAUD",LPS,216,52.04,74.22
56202,"M. Daniel MOUSSARD",LPS,211,50.84,72.50
56202,"Mme Gaëlle BERTHEVAS",LPS,203,48.91,69.75
56202,"M. Jean-Marie BEY",LPS,199,47.95,68.38
56202,"Mme Nicole PRADELLES",LPS,179,43.13,61.51
56202,"M. Hervé MOLAC",LPS,136,32.77,46.73
56203,"Mme Laurence FONTAINE",LPS,310,62.37,76.92
56203,"M. Jean-Louis YSOPT",LPS,307,61.77,76.17
56203,"M. Alain QUERE",LPS,306,61.56,75.93
56203,"M. Jean-Michel LE BIHAN",LPS,305,61.36,75.68
56203,"M. Gilles CADORET",LPS,305,61.36,75.68
56203,"M. Stéphane LE COZ",LPS,298,59.95,73.94
56203,"M. Eric LE DENMAT",LPS,297,59.75,73.69
56203,"Mme Nathalie LEFORT",LPS,292,58.75,72.45
56203,"M. Guénaël FIAUT",LPS,284,57.14,70.47
56203,"M. Daniel CROIZE",LPS,282,56.74,69.97
56203,"M. Christophe GUILLOUX",LPS,281,56.53,69.72
56203,"M. Christian LE BRIS",LPS,268,53.92,66.50
56203,"M. Cedric CAIL",LPS,265,53.31,65.75
56203,"Mme Danielle LE SOURNE",LPS,243,48.89,60.29
56203,"Mme Domitille ANDRE",LPS,235,47.28,58.31
56203,"Mme Thérèse RIFFAULT",LPS,131,26.35,32.50
56203,"M. Thierry JOUANNO",LPS,120,24.14,29.77
56203,"M. Michel PERRICHON",LPS,113,22.73,28.03
56203,"Mme Lorraine BROUARD",LPS,103,20.72,25.55
56203,"M. Raphaël LANDREAU",LPS,98,19.71,24.31
56203,"M. Jacques WATTIEZ",LPS,92,18.51,22.82
56203,"Mme Caroline BAUDIC",LPS,91,18.30,22.58
56203,"Mme Evelyne FERREIRA",LPS,86,17.30,21.33
56203,"Mme Nathalie MEYER",LPS,86,17.30,21.33
56203,"M. Christ VANDEWALLE",LPS,86,17.30,21.33
56203,"M. Guillaume ORDINEZ",LPS,75,15.09,18.61
56204,"Mme Martine AUDIC",LPS,284,62.69,78.88
56204,"M. Jean-Claude MORICE",LPS,276,60.92,76.66
56204,"M. Eric PEDRONO",LPS,264,58.27,73.33
56204,"Mme Marie-Hélène JEHANNO",LPS,260,57.39,72.22
56204,"Mme Astrid MAUGUEN",LPS,259,57.17,71.94
56204,"M. Régis LE MOGUEDEC",LPS,258,56.95,71.66
56204,"M. Gérard LE ROY",LPS,256,56.51,71.11
56204,"Mme Martine HERVOCHE",LPS,256,56.51,71.11
56204,"M. Michel PICAUD",LPS,256,56.51,71.11
56204,"Mme Magali EONNET",LPS,246,54.30,68.33
56204,"Mme Myriam DANIEL",LPS,245,54.08,68.05
56204,"Mme Anne MALARD",LPS,232,51.21,64.44
56204,"Mme Marie-Andrée CORBEL",LPS,223,49.22,61.94
56204,"M. Patrick LE POUL",LPS,223,49.22,61.94
56204,"M. Mickaël SEVENO",LPS,209,46.13,58.05
56204,"M. Patrice DANET",LPS,151,33.33,41.94
56204,"M. Mickaël CONNAN",LPS,145,32.00,40.27
56204,"Mme Odette LE LAUSQUE",LPS,141,31.12,39.16
56204,"Mme Chantal TANGUY",LPS,125,27.59,34.72
56204,"M. Sébastien THOMAS",LPS,109,24.06,30.27
56204,"Mme Rosy GUEHO",LPS,103,22.73,28.61
56204,"Mme Nadine LE GENDRE",LPS,97,21.41,26.94
56204,"Mme Élodie LAMOUR",LPS,92,20.30,25.55
56204,"M. Didier LE TEXIER",LPS,86,18.98,23.88
56204,"Mme Armelle BLAYO",LPS,85,18.76,23.61
56204,"M. Frédéric LEROY",LPS,85,18.76,23.61
56205,"Mme Christiane GOSSET",LPS,432,51.61,91.13
56205,"M. Roland MOUROT",LPS,428,51.13,90.29
56205,"Mme Isabelle QUERE",LPS,426,50.89,89.87
56205,"Mme Pascale RIO",LPS,424,50.65,89.45
56205,"Mme Isabelle CLAUX",LPS,422,50.41,89.02
56205,"M. Bruno CHEVALIER",LPS,421,50.29,88.81
56205,"M. Jean-Louis ROBERT",LPS,418,49.94,88.18
56205,"M. Alain JAMOIS",LPS,414,49.46,87.34
56205,"M. Jean-Marc LE CLEZIO",LPS,413,49.34,87.13
56205,"Mme Véronique PALMER",LPS,411,49.10,86.70
56205,"Mme Isabelle CHANAL",LPS,403,48.14,85.02
56205,"Mme Laurence MARESCAUX",LPS,401,47.90,84.59
56205,"M. Christian LE MENACH",LPS,399,47.67,84.17
56205,"M. Alain SOREL",LPS,394,47.07,83.12
56205,"M. Dominique PLAT",LPS,349,41.69,73.62
56206,"M. Patrick VRIGNEAU",LDVD,2525,29.98,48.95
56206,"Mme Anne GALLO",LDVG,2633,31.27,51.04
56207,"M. Christian DANIEL",LPG,277,30.70,38.41
56207,"Mme Yolande KERVARREC",LDVG,444,49.22,61.58
56208,"M. Arnaud DEROUBAIX",LPS,172,62.77,76.10
56208,"M. Pierre GUILLARD",LPS,169,61.67,74.77
56208,"Mme Annick LE TARNEC",LPS,169,61.67,74.77
56208,"M. Dominique GUILLONNET",LPS,168,61.31,74.33
56208,"M. Janick MENIER",LPS,167,60.94,73.89
56208,"M. Julien GROLLEAU",LPS,163,59.48,72.12
56208,"M. Louis MENIER",LPS,161,58.75,71.23
56208,"Mme Françoise MORIN",LPS,156,56.93,69.02
56208,"Mme Elisabeth DABE",LPS,154,56.20,68.14
56208,"M. Gérard DORE",LPS,133,48.54,58.84
56208,"M. Alain BUREL",LPS,123,44.89,54.42
56208,"M. Brieuc DE KERSABIEC",LPS,89,32.48,39.38
56208,"M. Alain GRASLAND",LPS,77,28.10,34.07
56208,"M. Bernard MARCADE",LPS,63,22.99,27.87
56209,"Mme Françoise GERMAIN",LPS,101,67.33,85.59
56209,"Mme Marie-Rose LE BORGNE",LPS,100,66.66,84.74
56209,"M. René AUDRAIN",LPS,99,66.00,83.89
56209,"Mme Annie NÉDÉLEC",LPS,99,66.00,83.89
56209,"M. Jean-François DESILES",LPS,98,65.33,83.05
56209,"M. Stéphane DU PONTAVICE",LPS,98,65.33,83.05
56209,"M. Dominique LE CORRONC",LPS,97,64.66,82.20
56209,"Mme Sylvia VAN NOPPEN",LPS,96,64.00,81.35
56209,"M. Benoît BACON",LPS,92,61.33,77.96
56209,"Mme Florence MORVANT",LPS,90,60.00,76.27
56209,"Mme Véronique DUPUIS",LPS,81,54.00,68.64
56209,"M. Jean MUSSAU",LPS,45,30.00,38.13
56210,"Mme Fabienne LE FLOCH",LPS,188,49.34,64.60
56210,"Mme Maryannick GUIGUEN",LPS,182,47.76,62.54
56210,"M. Robert BONNET",LPS,178,46.71,61.16
56210,"M. Rémi CALVÉ",LPS,175,45.93,60.13
56210,"M. Eric LE ROUX",LPS,174,45.66,59.79
56210,"Mme Sylvia AUGUSTIN",LPS,173,45.40,59.45
56210,"M. Philippe JAFFRÉ",LPS,171,44.88,58.76
56210,"M. Gérard LEMERAY",LPS,169,44.35,58.07
56210,"M. Yannick LE DORVEN",LPS,166,43.56,57.04
56210,"Mme Catherine GUILLEMOTO",LPS,157,41.20,53.95
56210,"Mme Séverine LE GOFF",LPS,155,40.68,53.26
56210,"M. Daniel FRANCOIS",LPS,140,36.74,48.10
56210,"M. Ludovic LE LAMER",LPS,133,34.90,45.70
56210,"Mme Aude FOURNIER",LPS,115,30.18,39.51
56210,"M. Nicolas ROBIC",LPS,114,29.92,39.17
56210,"M. Christophe LE LOUARN",LPS,114,29.92,39.17
56210,"Mme Karine JAFFRE",LPS,110,28.87,37.80
56210,"Mme Anne KERBOURC'H-MARTIN",LPS,108,28.34,37.11
56210,"M. Johann BENIC",LPS,104,27.29,35.73
56210,"Mme Aurelie GODARD",LPS,101,26.50,34.70
56210,"M. Fabrice LE FORT",LPS,100,26.24,34.36
56210,"Mme Astrid PARIS",LPS,99,25.98,34.02
56211,"Mme Marie-Paule QUELLARD",LPS,389,66.38,95.57
56211,"Mme Christelle LE LABOURIER-MARTIN",LPS,381,65.01,93.61
56211,"M. Roger BONNARD",LPS,379,64.67,93.12
56211,"M. Georges JUTEL",LPS,372,63.48,91.40
56211,"Mme Sylvie HARDY",LPS,365,62.28,89.68
56211,"Mme Fanny RAULT",LPS,364,62.11,89.43
56211,"Mme Sylvie TEYSSIER",LPS,363,61.94,89.18
56211,"M. David MANSE",LPS,362,61.77,88.94
56211,"M. Dominique BÉDARD",LPS,354,60.40,86.97
56211,"M. Dominique JOUNEAUX",LPS,350,59.72,85.99
56211,"Mme Annouïse GUILLEMOT",LPS,349,59.55,85.74
56211,"M. Daniel BRULÉ",LPS,342,58.36,84.02
56211,"M. Marcel GUÉMENÉ",LPS,339,57.84,83.29
56211,"M. Daniel GUILLOUCHE",LPS,322,54.94,79.11
56211,"Mme Roseline JOLY",LPS,318,54.26,78.13
56212,"M. Herve MICHAUD",LDIV,404,23.51,34.15
56212,"M. Joël BOURRIGAUD",LDVG,779,45.34,65.84
56213,"M. Stéphane LE FUR",LDIV,196,23.72,31.86
56213,"M. Claude-Albert LE BRIS",LDVD,419,50.72,68.13
56214,"M. Bernard BRIGNON",LUD,388,20.84,27.13
56214,"M. Daniel VAN OOST",LUMP,349,18.75,24.40
56214,"M. Alain LAYEC",LDVG,693,37.23,48.46
56215,"M. Claude VIET",LDVD,450,53.44,100.00
56216,"M. Yoann VOISIN",LPS,199,72.89,95.21
56216,"M. Guénaël BREGER",LPS,197,72.16,94.25
56216,"M. Jean-François CAILLET",LPS,194,71.06,92.82
56216,"Mme Sylviane BLAIN",LPS,188,68.86,89.95
56216,"M. Joël BLANCHARD",LPS,185,67.76,88.51
56216,"M. Fabrice FONTAINE",LPS,184,67.39,88.03
56216,"M. François DALINO",LPS,184,67.39,88.03
56216,"M. Patrick GICQUEL",LPS,181,66.30,86.60
56216,"Mme Marie-Claire LE SOURD",LPS,177,64.83,84.68
56216,"Mme Hélène MONACHON",LPS,174,63.73,83.25
56216,"Mme Nathalie GAUTIER",LPS,173,63.36,82.77
56218,"M. Fabrice DEPEIGE",LPS,191,33.62,96.95
56218,"Mme Évelyne ROUSSEL",LPS,3,0.52,1.52
56218,"M. Stéphane JEHANNO",LPS,1,0.17,0.50
56218,"M. Alain FLEURY",LPS,1,0.17,0.50
56218,"Mme Maud LANOE",LPS,1,0.17,0.50
56218,"M. Rémi DEMILLAC",LPS,0,0.00,0.00
56218,"M. Louis GUIMENE",LPS,0,0.00,0.00
56218,"Mme Valérie ROBICHON",LPS,0,0.00,0.00
56218,"Mme Christel DUNAND",LPS,0,0.00,0.00
56218,"Mme Martine TIJON",LPS,0,0.00,0.00
56218,"M. Rémi DUQUENNE",LPS,0,0.00,0.00
56218,"Mme Agnès LE LAY",LPS,0,0.00,0.00
56218,"M. Jean-Louis VAZQUEZ",LPS,0,0.00,0.00
56218,"Mme Christine MANHÈS",LPS,0,0.00,0.00
56219,"M. Robert EMERAUD",LDVD,431,48.81,100.00
56220,"M. Pierric LE FUR",LDIV,428,44.16,59.11
56220,"M. Emmanuel GIQUEL",LDVD,296,30.54,40.88
56221,"M. Christophe ROYER",LDIV,498,40.55,100.00
56222,"M. Dominique VIEL",LDVD,590,28.02,38.26
56222,"M. Guénaël ROBIN",LDVG,952,45.22,61.73
56223,"M. Michel PIERRE",LSOC,527,47.22,100.00
56224,"M. Gilles DEFONTAINE",LPS,203,69.75,94.85
56224,"M. Michel BERTHET",LPS,200,68.72,93.45
56224,"M. Stephane DANY",LPS,200,68.72,93.45
56224,"M. Didier MAUGE",LPS,196,67.35,91.58
56224,"M. Christophe VILLEFEU",LPS,195,67.01,91.12
56224,"M. Jacques MALEINGE",LPS,193,66.32,90.18
56224,"M. Mickaël GISLAIS",LPS,191,65.63,89.25
56224,"Mme Gilberte VAILLANT",LPS,189,64.94,88.31
56224,"Mme Caroline THOMAS",LPS,181,62.19,84.57
56224,"Mme Isabelle MICHEL",LPS,175,60.13,81.77
56224,"M. Jean-Claude NIZAN",LPS,172,59.10,80.37
56225,"Mme Sophie ZUCCOLOTTO",LPS,97,67.83,90.65
56225,"Mme Brigitte BRIERO",LPS,89,62.23,83.17
56225,"M. Daniel MAROT",LPS,88,61.53,82.24
56225,"Mme Agnès TRAVERS",LPS,88,61.53,82.24
56225,"Mme Dominique CONOIR",LPS,87,60.83,81.30
56225,"M. Michel BOUESNARD",LPS,84,58.74,78.50
56225,"Mme Isabelle ROCHERON",LPS,84,58.74,78.50
56225,"Mme Isabelle FRANCON",LPS,83,58.04,77.57
56225,"M. Philippe BUIS",LPS,83,58.04,77.57
56225,"Mme Sandrine BASTIAN",LPS,80,55.94,74.76
56225,"Mme Annick HOMO",LPS,76,53.14,71.02
56226,"M. Jacky BOURGAULT",LPS,148,45.39,57.14
56226,"M. Jean-Marc BOULO",LPS,147,45.09,56.75
56226,"M. Bernard BECKER",LPS,146,44.78,56.37
56226,"M. Pierrick PILORGET",LPS,146,44.78,56.37
56226,"Mme Karine RIGAL",LPS,144,44.17,55.59
56226,"M. Jean-Claude KERJOUAN",LPS,144,44.17,55.59
56226,"Mme Marie-Hélène HERRY",LPS,144,44.17,55.59
56226,"M. Robert LE SAUX",LPS,142,43.55,54.82
56226,"M. Jean-Gabriel BARBERA",LPS,141,43.25,54.44
56226,"Mme Anne DRÉAN",LPS,140,42.94,54.05
56226,"Mme Corinne FARGUES",LPS,139,42.63,53.66
56226,"M. Jean-Claude HERVIAULT",LPS,120,36.80,46.33
56226,"M. Jean-Michel TERTRAIS",LPS,114,34.96,44.01
56226,"M. Sébastien GRIMAULT",LPS,113,34.66,43.62
56226,"M. Didier CHEVALLIER",LPS,112,34.35,43.24
56226,"M. Gilbert ETIENNE",LPS,112,34.35,43.24
56226,"Mme Annick ALLAIN-DUVAL",LPS,110,33.74,42.47
56226,"Mme Liliane LAUNAY",LPS,110,33.74,42.47
56226,"Mme Béatrice MESRINE",LPS,108,33.12,41.69
56226,"Mme Edwige LECOQ",LPS,107,32.82,41.31
56226,"M. Jean-Jacques ENDERLIN",LPS,107,32.82,41.31
56226,"M. Bertrand PERENNEC",LPS,107,32.82,41.31
56227,"M. Christian LE NOE",LPS,241,60.09,88.60
56227,"M. Gérard SAMSON",LPS,236,58.85,86.76
56227,"Mme Delphine BRIEND",LPS,234,58.35,86.02
56227,"Mme Sonia GUIHARD",LPS,234,58.35,86.02
56227,"Mme Annie-Françoise FLEURY",LPS,232,57.85,85.29
56227,"M. Gérard NICOLAS",LPS,227,56.60,83.45
56227,"M. Bernard RICHARD",LPS,225,56.10,82.72
56227,"M. Joël ROCHEFORT",LPS,223,55.61,81.98
56227,"M. Philippe LE GROS",LPS,220,54.86,80.88
56227,"Mme Fabienne TANGUY",LPS,220,54.86,80.88
56227,"M. Pascal GUILLEMOT",LPS,208,51.87,76.47
56227,"M. Jean RAULO",LPS,206,51.37,75.73
56227,"M. Bruno TANGUY",LPS,204,50.87,75.00
56227,"M. Jean MORIN",LPS,196,48.87,72.05
56227,"M. Yannick GOUEDO",LPS,185,46.13,68.01
56228,"M. Joël LEVEAU",LDVD,499,58.98,100.00
56229,"M. Jean-Luc MADOUASSE",LDVD,440,42.63,100.00
56230,"Mme Josette TEXIER-SERAZIN",LPS,229,67.75,86.74
56230,"M. Vincent BEAUDOUX",LPS,197,58.28,74.62
56230,"M. Jean-Paul DUBOIS",LPS,197,58.28,74.62
56230,"Mme Andrée MONNERAYE",LPS,187,55.32,70.83
56230,"M. Jean HERCOUET",LPS,184,54.43,69.69
56230,"M. Jean-Claude RIALLIN",LPS,176,52.07,66.66
56230,"Mme Josiane HOUEIX",LPS,169,50.00,64.01
56230,"M. Léandre DANION",LPS,160,47.33,60.60
56230,"Mme Katia GERMANY",LPS,154,45.56,58.33
56230,"M. Dominique MONNERAYE",LPS,153,45.26,57.95
56230,"Mme Françoise CAVALON-NOEL",LPS,134,39.64,50.75
56230,"M. Philippe LABBE",LPS,131,38.75,49.62
56230,"M. Eric CAVALON",LPS,116,34.31,43.93
56231,"Mme Nadine LE GOFF-CARNEC",LDVG,1118,35.30,52.76
56231,"Mme Marie-Laurence LE RAY",LDVG,1001,31.60,47.23
56232,"M. Lionel JOUNEAU",LDIV,457,49.89,100.00
56233,"Mme Véronique DE ST SAUVEUR",LDVD,259,18.87,25.92
56233,"M. François LE COTILLEC",LDVD,740,53.93,74.07
56234,"M. François DUBOIS",LDVG,705,29.55,42.85
56234,"Mme Laurence LE DUVEHAT",LDVD,940,39.41,57.14
56236,"Mme Catherine OLLIVE",LPS,294,43.94,60.24
56236,"Mme Agnès JOYAUX-BRUNEL",LPS,203,30.34,41.59
56236,"M. Bernard LE BLANC",LPS,202,30.19,41.39
56236,"Mme Christine LE NET",LPS,190,28.40,38.93
56236,"Mme Marie-Antoinette LE POULLENNEC",LPS,178,26.60,36.47
56236,"Mme Françoise BLANCHE",LPS,176,26.30,36.06
56236,"M. Alain HAQUIN",LPS,167,24.96,34.22
56236,"Mme Stéphanie OLART",LPS,128,19.13,26.22
56236,"Mme Juliette LACRAMPE-ZARA",LPS,114,17.04,23.36
56236,"M. Pierre DANO",LPS,108,16.14,22.13
56236,"Mme Rachele CASSAIGNE",LPS,0,0.00,0.00
56236,"Mme Isabelle COUDRAY",LPS,0,0.00,0.00
56236,"Mme Françoise LANON",LPS,0,0.00,0.00
56236,"M. Lionel GUILLAUME",LPS,0,0.00,0.00
56237,"M. Michel POURCHASSE",LDIV,873,57.66,100.00
56238,"Mme Maryse LE BRIS",LPS,217,70.45,97.30
56238,"M. Jean-Claude SAINDRENAN",LPS,212,68.83,95.06
56238,"M. Sebastien MENGUY",LPS,209,67.85,93.72
56238,"Mme Christiane SIMON",LPS,207,67.20,92.82
56238,"Mme Claudine GUICHARD",LPS,202,65.58,90.58
56238,"M. Raymond SIOU",LPS,200,64.93,89.68
56238,"Mme Marie-France MELDONIAN",LPS,200,64.93,89.68
56238,"M. Jean-Luc CALMANOVICI",LPS,199,64.61,89.23
56238,"M. Romain LE DOUARON",LPS,198,64.28,88.78
56238,"M. Pascal AUFFREDO",LPS,196,63.63,87.89
56238,"M. Patrick CABEDOCHE",LPS,184,59.74,82.51
56239,"Mme Yvette ANNEE",LDVD,437,40.12,100.00
56240,"Mme Marie-Cécile RIEDI",LDVG,1309,18.75,28.69
56240,"M. David LAPPARTIENT",LUMP,3253,46.61,71.30
56241,"M. Philippe BERNERY",LPS,376,49.27,77.84
56241,"Mme Aure-Anne STOLZ",LPS,106,13.89,21.94
56241,"Mme Myriam DAVID",LPS,1,0.13,0.20
56241,"M. Alain PSAUME",LPS,0,0.00,0.00
56241,"Mme Simone LE PORT",LPS,0,0.00,0.00
56241,"M. Régis ROBERT",LPS,0,0.00,0.00
56241,"M. Marc GALLEN",LPS,0,0.00,0.00
56241,"M. Jean-Guy MATEL",LPS,0,0.00,0.00
56241,"Mme Marianne RUELLE",LPS,0,0.00,0.00
56241,"M. Gilles GUENANTIN",LPS,0,0.00,0.00
56241,"Mme Charlotte OLIVIER",LPS,0,0.00,0.00
56241,"M. Nicolas SALLARD",LPS,0,0.00,0.00
56241,"Mme Stéphanie GUESDON",LPS,0,0.00,0.00
56241,"Mme Magali PLOUZENNEC",LPS,0,0.00,0.00
56241,"M. Gérald SCUILLER",LPS,0,0.00,0.00
56241,"M. Gael GUILLEMIN",LPS,0,0.00,0.00
56242,"M. Patrick POMME",LPS,234,41.86,50.86
56242,"M. Jean-Michel LERAY",LPS,231,41.32,50.21
56242,"M. Christian LE DANVIC",LPS,228,40.78,49.56
56242,"M. Daniel LE ROUZIC",LPS,227,40.60,49.34
56242,"Mme Fabienne LE BARON",LPS,225,40.25,48.91
56242,"M. Sébastien DACQUAY",LPS,225,40.25,48.91
56242,"Mme Marie-Christine ROUE-ROUXEL",LPS,225,40.25,48.91
56242,"M. Jerome THOMAS",LPS,216,38.64,46.95
56242,"Mme Claire BIHOES",LPS,0,0.00,0.00
56242,"M. Florent CHRISTIEN",LPS,0,0.00,0.00
56242,"Mme Laurence LE BELLER",LPS,0,0.00,0.00
56242,"M. Jacky ROUZO",LPS,0,0.00,0.00
56242,"M. Denis COEDEL",LPS,0,0.00,0.00
56242,"Mme Valerie PALARIC",LPS,0,0.00,0.00
56242,"Mme Josiane LE MESTRE",LPS,0,0.00,0.00
56242,"Mme Liliane VERNHETTES-STRUTZ",LPS,0,0.00,0.00
56242,"Mme Marie-Christine GOUX-TATIBOUET",LPS,0,0.00,0.00
56242,"Mme Marie-Josée LE MOUILLOUR",LPS,0,0.00,0.00
56242,"M. Michel ROUDITCH",LPS,0,0.00,0.00
56243,"M. Philippe LE FOLL",LDVD,1071,14.39,22.72
56243,"M. Michel MOUGIN",LDVD,1020,13.70,21.64
56243,"M. Luc FOUCAULT",LDVG,2622,35.23,55.63
56244,"M. Alain MARCHAL",LDVG,1181,51.41,100.00
56245,"M. Daniel ROUZO",LPS,183,57.00,90.14
56245,"M. Michaël MONPAS",LPS,180,56.07,88.66
56245,"Mme Raphaëlle LACHEZE",LPS,180,56.07,88.66
56245,"Mme Séverine LEFEVRE",LPS,175,54.51,86.20
56245,"M. Régis PICOT",LPS,175,54.51,86.20
56245,"Mme Murielle KERDREUX",LPS,175,54.51,86.20
56245,"Mme Yvelyse DANIEL",LPS,174,54.20,85.71
56245,"M. Candido CARVALHO",LPS,173,53.89,85.22
56245,"Mme Isabelle LE LAMER",LPS,171,53.27,84.23
56245,"M. Serge MOELO",LPS,170,52.95,83.74
56245,"Mme Sheelagh SMITH",LPS,169,52.64,83.25
56246,"M. Jean-Jacques VIDELO",LDVG,951,56.53,100.00
56247,"Mme Denise FLIPEAUX",LDIV,523,21.29,31.67
56247,"Mme Marylène CONAN",LDVG,1128,45.92,68.32
56248,"Mme Michèle NADEAU",LDIV,1082,34.24,51.57
56248,"M. Marcel LE NEVE",LDVD,1016,32.15,48.42
56249,"M. Charles MAUDUIT",LDIV,605,33.44,44.22
56249,"M. François BLONDET",LDIV,763,42.17,55.77
56250,"M. Gilles HAUROGNE",LPS,292,60.70,97.98
56250,"Mme Sabrina GUEHENNEUC",LPS,282,58.62,94.63
56250,"M. Cyrille LELEU",LPS,271,56.34,90.93
56250,"M. Gérard MACE",LPS,269,55.92,90.26
56250,"Mme Marlène SIMONIN",LPS,267,55.50,89.59
56250,"M. Mikaël MUROS LE ROUZIC",LPS,266,55.30,89.26
56250,"Mme Patricia GUILLAUME",LPS,265,55.09,88.92
56250,"M. Jérôme ROBIN",LPS,259,53.84,86.91
56250,"M. Jean-Noël LEMEE",LPS,258,53.63,86.57
56250,"Mme Virginie THEBAUD",LPS,257,53.43,86.24
56250,"Mme Delphine VALAY",LPS,253,52.59,84.89
56250,"Mme Maud REMANDE",LPS,251,52.18,84.22
56250,"M. Gilbert DUVAL",LPS,243,50.51,81.54
56250,"M. Pascal RAVACHE",LPS,233,48.44,78.18
56250,"M. Christian LEMEE",LPS,231,48.02,77.51
56251,"M. Xavier TRIPOTEAU",LUDI,1286,23.83,37.70
56251,"M. Yves QUESTEL",LDVD,2125,39.38,62.29
56252,"Mme Monique LE CLOIREC",LDIV,236,21.59,31.72
56252,"M. François MOUSSET",LDVD,508,46.47,68.27
56253,"M. Emmanuel ETRILLARD",LPS,331,67.55,92.20
56253,"M. Michel TREMOUREUX",LPS,326,66.53,90.80
56253,"M. Gérard BOUIN",LPS,319,65.10,88.85
56253,"Mme Jacqueline ANNEE",LPS,315,64.28,87.74
56253,"Mme Isabelle COUE",LPS,307,62.65,85.51
56253,"Mme Corinne MARCHAND",LPS,298,60.81,83.00
56253,"M. Bernard LOISEAU",LPS,294,60.00,81.89
56253,"M. Patrick GENUIT",LPS,286,58.36,79.66
56253,"Mme Nathalie JOUAN",LPS,284,57.95,79.10
56253,"M. Michel MORIN",LPS,276,56.32,76.88
56253,"Mme Muriel HERVE",LPS,269,54.89,74.93
56253,"M. Yves MARTIN",LPS,251,51.22,69.91
56253,"M. Thierry WAJCHERT",LPS,246,50.20,68.52
56253,"M. Stéphane MEUNIER",LPS,231,47.14,64.34
56253,"Mme Marie-Christine HAVARD",LPS,220,44.89,61.28
56253,"M. Christophe GERARD",LPS,203,41.42,56.54
56253,"M. Guillaume VADIER",LPS,199,40.61,55.43
56253,"M. Christophe COTTIGNIES",LPS,167,34.08,46.51
56254,"M. Jean-Pierre RIVOAL",LDVG,453,51.24,100.00
56255,"Mme Christelle BEYET",LDIV,298,19.70,28.13
56255,"M. Didier LE DERFF",LDVG,212,14.02,20.01
56255,"M. Claude LE JALLÉ",LDIV,549,36.30,51.84
56256,"M. Samuel PERRUCHOT",LPS,85,70.24,93.40
56256,"M. Michel JALLU",LPS,78,64.46,85.71
56256,"M. Jacques EALET",LPS,77,63.63,84.61
56256,"Mme Gabrielle RIALET",LPS,76,62.80,83.51
56256,"M. Jean-Pierre GAUTHIER",LPS,72,59.50,79.12
56256,"Mme Denise GUILLOTIN",LPS,72,59.50,79.12
56256,"M. Michel GORTAIS",LPS,67,55.37,73.62
56256,"Mme Béatrice MAXSE",LPS,63,52.06,69.23
56256,"Mme Louisa MASSON",LPS,60,49.58,65.93
56256,"Mme Natacha MAUNY",LPS,58,47.93,63.73
56256,"M. Laurent RICHARD",LPS,51,42.14,56.04
56256,"Mme Yvette LE BOULAIRE",LPS,48,39.66,52.74
56256,"Mme Odette MORIN",LPS,40,33.05,43.95
56256,"M. Daniel ETORE",LPS,36,29.75,39.56
56256,"Mme Josiane LE SAOUT",LPS,36,29.75,39.56
56257,"M. Alain BUOT",LPS,319,59.62,76.68
56257,"Mme Michelle BRAJEUL",LPS,307,57.38,73.79
56257,"M. Gildas LAUNAY",LPS,300,56.07,72.11
56257,"Mme Armelle HILLION",LPS,289,54.01,69.47
56257,"M. Yannick LE BORGNE",LPS,270,50.46,64.90
56257,"M. Michel PHILIPPE",LPS,269,50.28,64.66
56257,"Mme Ludivine HERVE",LPS,262,48.97,62.98
56257,"M. Joël PINEL",LPS,260,48.59,62.50
56257,"M. Guy LANOE",LPS,260,48.59,62.50
56257,"M. Michel AUTIN",LPS,259,48.41,62.25
56257,"Mme Emilie LESPERT",LPS,255,47.66,61.29
56257,"Mme Brigitte PORTIER",LPS,251,46.91,60.33
56257,"M. Jean-Pierre DONNIO",LPS,239,44.67,57.45
56257,"Mme Sylvie GUILLEMET",LPS,239,44.67,57.45
56257,"M. François LE HOUEROU",LPS,224,41.86,53.84
56257,"Mme Ginette MENIER",LPS,203,37.94,48.79
56257,"M. Kevyn GILLET",LPS,190,35.51,45.67
56257,"M. Guy GAUTHIER",LPS,189,35.32,45.43
56257,"M. Didier LESPERT",LPS,189,35.32,45.43
56257,"M. André LUCAS",LPS,174,32.52,41.82
56257,"Mme Annie NOUVEL",LPS,148,27.66,35.57
56257,"M. Dominique DESFOUX",LPS,136,25.42,32.69
56257,"Mme Marie-Francine LE HOUEROU",LPS,133,24.85,31.97
56257,"M. Bernard ROUXEL",LPS,118,22.05,28.36
56257,"Mme Mary GILSON",LPS,117,21.86,28.12
56257,"M. Guillaume PETIT",LPS,117,21.86,28.12
56257,"M. Cyril ROUMÉGOUX",LPS,116,21.68,27.88
56257,"M. Yves COURTEL",LPS,115,21.49,27.64
56257,"Mme Nathalie PORLIER",LPS,104,19.43,25.00
56257,"M. Yves PERRIN",LPS,103,19.25,24.75
56258,"M. Jean-François GUEZET",LDVD,600,35.04,51.36
56258,"M. Yves NORMAND",LUMP,568,33.17,48.63
56259,"M. Lucien MÉNAHES",LDVD,455,50.22,100.00
56260,"M. Bertrand IRAGNE",LFN,1998,5.61,9.74
56260,"M. David ROBO",LUD,10816,30.41,52.77
56260,"M. Vincent SALETTE",LDIV,750,2.10,3.65
56260,"M. Simon UZENAT",LUG,4374,12.29,21.34
56260,"M. Bertrand DELÉON",LDIV,396,1.11,1.93
56260,"M. Nicolas LE QUINTREC",LDVG,1363,3.83,6.65
56260,"Mme Anita KERVADEC",LFG,799,2.24,3.89
56261,"Mme Monique DANION",LDVG,505,51.37,65.32
56261,"M. Pascal LEGENDRE",LDIV,268,27.26,34.67
56262,"Mme Martine LE MENACH",LDIV,522,28.33,41.69
56262,"M. Jean LUTROT",LDVD,730,39.63,58.30
56263,"M. Roland GASTINE",LDIV,1006,55.48,76.26
56263,"M. Yvan JOUNOT",LDIV,313,17.26,23.73
56264,"M. Paul SYLVESTRE",LPS,194,65.76,91.94
56264,"M. Dominique SIVY",LPS,193,65.42,91.46
56264,"M. Jean-Jacques TROMILIN",LPS,191,64.74,90.52
56264,"M. Christophe CARARIC",LPS,191,64.74,90.52
56264,"M. Didier BELLEC",LPS,189,64.06,89.57
56264,"Mme Claudie BOULE",LPS,186,63.05,88.15
56264,"M. Jean-Marie QUEMENER",LPS,185,62.71,87.67
56264,"Mme Odile CARARIC",LPS,183,62.03,86.72
56264,"Mme Angélique COLIN",LPS,179,60.67,84.83
56264,"Mme Malika MOREAU",LPS,178,60.33,84.36
56264,"M. Christian MARTIN-LATASTE",LPS,177,60.00,83.88
